subject,sender,body,label
Your order has shipped,tom.r@initech.com,"Team, here is the weekly update. The release checklist is on track, QA found two minor issues which are already fixed. Please review the document before our sync tomorrow.",0
Your LinkedIn package could not be delivered,linkedin-support@linkedin-alerts.xyz,Your payment failed. Update your billing information immediately to avoid losing access. Log in to http://155.101.147.105/login and confirm your password and credit card details.,1
Reminder: onboarding deck review on Friday,alex.r@contoso.com,"Hi Sam, thanks for joining the call. I have attached the notes for the onboarding deck. Let me know if I missed anything and we can discuss it on Monday.",0
Weekly team update,alex.s@contoso.com,"Thank you for your purchase. Your receipt is attached. If you have any questions about the invoice, reply to this email and our team will help.",0
You have won a FedEx gift card - claim now,fedex-support@fedex-alerts.icu,"We could not deliver your parcel. Pay a small customs fee at http://fedex-secure-login.work/verify using your credit card. This offer expires today, respond immediately.",1
Your order has shipped,chen.m@northwind.io,"Hi Sam, I reviewed the budget draft and left a few comments in the shared document. Overall it looks good. Could you update the numbers before we send it out?",0
Security alert: unusual sign-in to your Chase account,chase-support@chase-alerts.icu,"We could not deliver your parcel. Pay a small customs fee at http://14.166.7.148/login using your credit card. This offer expires today, respond immediately.",1
You have won a LinkedIn gift card - claim now,security@linkedin.verify-707.tk,"Dear customer, we detected unusual activity on your LinkedIn account. Your account will be suspended within 24 hours unless you verify your identity. Click here to verify your account: http://96.127.186.248/login",1
Reminder: onboarding deck review on Friday,sam.s@northwind.io,"Hi Jordan, I reviewed the onboarding deck and left a few comments in the shared document. Overall it looks good. Could you update the numbers before we send it out? Details: https://northwind.io/docs/256",0
Your order has shipped,priya.k@acme.com,"Thank you for your purchase. Your receipt is attached. If you have any questions about the invoice, reply to this email and our team will help.",0
Receipt for your purchase,chen.k@acme.com,"Hi Maria, I reviewed the vendor review and left a few comments in the shared document. Overall it looks good. Could you update the numbers before we send it out?",0
Action required: verify your Chase password,chase.billing@gmail.com,Attached is an overdue invoice. Please make a wire transfer to the account below as soon as possible. Legal action may follow. Confirm at http://bit.ly/5bha6d,1
Urgent: your Microsoft account has been suspended,microsoft.billing@gmail.com,Final warning: your mailbox is full. Sign in to http://microsoft.account-update.xyz/ and enter your password to re-activate your account. Failure to comply will result in permanent closure.,1
Security alert: unusual sign-in to your Amazon account,amazon.billing@gmail.com,"We could not deliver your parcel. Pay a small customs fee at http://amazon.account-update.tk/ using your credit card. This offer expires today, respond immediately.",1
Thanks for your help with the release checklist,lena.k@initech.com,"Hello Riya, your order #61333 has shipped and should arrive in three to five business days. You can track it from your account page. Thanks for shopping with us.",0
Reminder: vendor review review on Friday,priya.r@contoso.com,"Team, here is the weekly update. The vendor review is on track, QA found two minor issues which are already fixed. Please review the document before our sync tomorrow. Details: https://contoso.com/docs/148",0
Final notice: payment failed for your Dropbox subscription,security@dropbox.verify-251.xyz,"We could not deliver your parcel. Pay a small customs fee at http://bit.ly/b3hki1 using your credit card. This offer expires today, respond immediately.",1
release checklist - notes from today's meeting,chen.m@contoso.com,"Hi Riya, I reviewed the release checklist and left a few comments in the shared document. Overall it looks good. Could you update the numbers before we send it out?",0
Receipt for your purchase,riya.s@northwind.io,"Team, here is the weekly update. The Q3 roadmap is on track, QA found two minor issues which are already fixed. Please review the document before our sync tomorrow.",0
sprint retro - notes from today's meeting,jordan.s@acme.com,"Hi Jordan, thanks for joining the call. I have attached the notes for the sprint retro. Let me know if I missed anything and we can discuss it on Monday.",0
Final notice: payment failed for your PayPal subscription,paypal.billing@gmail.com,"Dear customer, we detected unusual activity on your PayPal account. Your account will be suspended within 24 hours unless you verify your identity. Click here to verify your account: http://bit.ly/d2216k",1
Thanks for your help with the onboarding deck,maria.k@example.org,"Hey Lena, are you free for lunch on Thursday? There is a new place near the office. Happy to move it if the onboarding deck review runs late.",0
Receipt for your purchase,chen.r@acme.com,"Thank you for your purchase. Your receipt is attached. If you have any questions about the invoice, reply to this email and our team will help.",0
Weekly team update,sam.r@northwind.io,"Hello Omar, your order #76910 has shipped and should arrive in three to five business days. You can track it from your account page. Thanks for shopping with us.",0
Lunch on Thursday?,priya.m@northwind.io,"Hi Sam, thanks for joining the call. I have attached the notes for the onboarding deck. Let me know if I missed anything and we can discuss it on Monday.",0
Invoice overdue - immediate payment required,security@netflix.verify-922.icu,Final warning: your mailbox is full. Sign in to http://netflix.account-update.tk/ and enter your password to re-activate your account. Failure to comply will result in permanent closure.,1
Urgent: your Chase account has been suspended,security@chase.verify-428.top,Your payment failed. Update your billing information immediately to avoid losing access. Log in to http://bit.ly/hg6cbi and confirm your password and credit card details.,1
Final notice: payment failed for your LinkedIn subscription,security@linkedin.verify-338.work,"Dear customer, we detected unusual activity on your LinkedIn account. Your account will be suspended within 24 hours unless you verify your identity. Click here to verify your account: http://linkedin.account-update.work/",1
Your FedEx package could not be delivered,security@fedex.verify-387.top,Attached is an overdue invoice. Please make a wire transfer to the account below as soon as possible. Legal action may follow. Confirm at http://fedex-secure-login.work/verify,1
budget draft - notes from today's meeting,lena.m@northwind.io,"Hi Chen, thanks for joining the call. I have attached the notes for the budget draft. Let me know if I missed anything and we can discuss it on Monday.",0
Receipt for your purchase,tom.m@initech.com,"Hello Omar, your order #31059 has shipped and should arrive in three to five business days. You can track it from your account page. Thanks for shopping with us.",0
Confirm your identity to avoid account closure,paypal.billing@gmail.com,Congratulations! You have won a prize. To claim your reward send your bank account and routing number or buy a gift card and reply with the code. Act now: http://bit.ly/4egf25,1
Re: design handoff,jordan.r@northwind.io,"Hi Riya, thanks for joining the call. I have attached the notes for the design handoff. Let me know if I missed anything and we can discuss it on Monday. Details: https://northwind.io/docs/282",0
Weekly team update,alex.r@contoso.com,"Team, here is the weekly update. The design handoff is on track, QA found two minor issues which are already fixed. Please review the document before our sync tomorrow.",0
Final notice: payment failed for your Dropbox subscription,security@dropbox.verify-261.icu,Final warning: your mailbox is full. Sign in to http://dropbox.account-update.tk/ and enter your password to re-activate your account. Failure to comply will result in permanent closure.,1
Urgent: your FedEx account has been suspended,fedex-support@fedex-alerts.click,Congratulations! You have won a prize. To claim your reward send your bank account and routing number or buy a gift card and reply with the code. Act now: http://fedex-secure-login.work/verify,1
Security alert: unusual sign-in to your DocuSign account,security@docusign.verify-856.top,Attached is an overdue invoice. Please make a wire transfer to the account below as soon as possible. Legal action may follow. Confirm at http://147.248.99.48/login,1
Thanks for your help with the vendor review,alex.s@northwind.io,"Hi Alex, I reviewed the vendor review and left a few comments in the shared document. Overall it looks good. Could you update the numbers before we send it out? Details: https://northwind.io/docs/120",0
Invoice overdue - immediate payment required,docusign.billing@gmail.com,Congratulations! You have won a prize. To claim your reward send your bank account and routing number or buy a gift card and reply with the code. Act now: http://docusign-secure-login.xyz/verify,1
You have won a Amazon gift card - claim now,amazon.billing@gmail.com,"Dear customer, we detected unusual activity on your Amazon account. Your account will be suspended within 24 hours unless you verify your identity. Click here to verify your account: http://amazon-secure-login.click/verify",1
Reminder: design handoff review on Friday,lena.s@initech.com,"Hi Omar, thanks for joining the call. I have attached the notes for the design handoff. Let me know if I missed anything and we can discuss it on Monday.",0
Final notice: payment failed for your Dropbox subscription,security@dropbox.verify-150.icu,Congratulations! You have won a prize. To claim your reward send your bank account and routing number or buy a gift card and reply with the code. Act now: http://dropbox.account-update.click/,1
Final notice: payment failed for your Amazon subscription,amazon.billing@gmail.com,Attached is an overdue invoice. Please make a wire transfer to the account below as soon as possible. Legal action may follow. Confirm at http://amazon.account-update.top/,1
Action required: verify your FedEx password,security@fedex.verify-328.icu,Your payment failed. Update your billing information immediately to avoid losing access. Log in to http://fedex-secure-login.icu/verify and confirm your password and credit card details.,1
Lunch on Thursday?,maria.r@northwind.io,"Hi Sam, thanks for joining the call. I have attached the notes for the budget draft. Let me know if I missed anything and we can discuss it on Monday.",0
Your Chase package could not be delivered,chase.billing@gmail.com,"Dear customer, we detected unusual activity on your Chase account. Your account will be suspended within 24 hours unless you verify your identity. Click here to verify your account: http://140.160.197.38/login",1
Your LinkedIn package could not be delivered,linkedin.billing@gmail.com,"Dear customer, we detected unusual activity on your LinkedIn account. Your account will be suspended within 24 hours unless you verify your identity. Click here to verify your account: http://linkedin.account-update.top/",1
budget draft - notes from today's meeting,lena.r@acme.com,"Hi Priya, thanks for joining the call. I have attached the notes for the budget draft. Let me know if I missed anything and we can discuss it on Monday.",0
Action required: verify your FedEx password,fedex-support@fedex-alerts.tk,Congratulations! You have won a prize. To claim your reward send your bank account and routing number or buy a gift card and reply with the code. Act now: http://bit.ly/adi6ce,1
Final notice: payment failed for your DocuSign subscription,docusign-support@docusign-alerts.icu,"Dear customer, we detected unusual activity on your DocuSign account. Your account will be suspended within 24 hours unless you verify your identity. Click here to verify your account: http://docusign-secure-login.top/verify",1
Confirm your identity to avoid account closure,chase.billing@gmail.com,Congratulations! You have won a prize. To claim your reward send your bank account and routing number or buy a gift card and reply with the code. Act now: http://chase-secure-login.click/verify,1
Urgent: your DocuSign account has been suspended,docusign-support@docusign-alerts.xyz,Your payment failed. Update your billing information immediately to avoid losing access. Log in to http://114.247.184.114/login and confirm your password and credit card details.,1
Invoice overdue - immediate payment required,security@dropbox.verify-102.icu,Your payment failed. Update your billing information immediately to avoid losing access. Log in to http://205.141.167.33/login and confirm your password and credit card details.,1
Weekly team update,alex.m@acme.com,"Thank you for your purchase. Your receipt is attached. If you have any questions about the invoice, reply to this email and our team will help. Details: https://acme.com/docs/388",0
Re: design handoff,omar.k@acme.com,"Thank you for your purchase. Your receipt is attached. If you have any questions about the invoice, reply to this email and our team will help.",0
Your order has shipped,jordan.m@contoso.com,"Hello Priya, your order #48981 has shipped and should arrive in three to five business days. You can track it from your account page. Thanks for shopping with us.",0
Urgent: your Apple account has been suspended,apple.billing@gmail.com,Congratulations! You have won a prize. To claim your reward send your bank account and routing number or buy a gift card and reply with the code. Act now: http://apple-secure-login.click/verify,1
Your Amazon package could not be delivered,security@amazon.verify-536.click,Final warning: your mailbox is full. Sign in to http://amazon-secure-login.work/verify and enter your password to re-activate your account. Failure to comply will result in permanent closure.,1
Urgent: your PayPal account has been suspended,security@paypal.verify-880.top,Final warning: your mailbox is full. Sign in to http://bit.ly/5ed5i6 and enter your password to re-activate your account. Failure to comply will result in permanent closure.,1
You have won a FedEx gift card - claim now,fedex.billing@gmail.com,"Dear customer, we detected unusual activity on your FedEx account. Your account will be suspended within 24 hours unless you verify your identity. Click here to verify your account: http://174.197.39.83/login",1
Security alert: unusual sign-in to your DocuSign account,security@docusign.verify-630.xyz,Your payment failed. Update your billing information immediately to avoid losing access. Log in to http://bit.ly/j3h5d6 and confirm your password and credit card details.,1
Weekly team update,maria.k@example.org,"Hey Chen, are you free for lunch on Thursday? There is a new place near the office. Happy to move it if the vendor review review runs late.",0
Your Amazon package could not be delivered,amazon-support@amazon-alerts.top,Final warning: your mailbox is full. Sign in to http://bit.ly/435dac and enter your password to re-activate your account. Failure to comply will result in permanent closure.,1
Confirm your identity to avoid account closure,security@microsoft.verify-122.top,"Dear customer, we detected unusual activity on your Microsoft account. Your account will be suspended within 24 hours unless you verify your identity. Click here to verify your account: http://bit.ly/gag31i",1
Invoice overdue - immediate payment required,amazon-support@amazon-alerts.work,Congratulations! You have won a prize. To claim your reward send your bank account and routing number or buy a gift card and reply with the code. Act now: http://amazon.account-update.work/,1
Confirm your identity to avoid account closure,security@fedex.verify-775.top,"We could not deliver your parcel. Pay a small customs fee at http://fedex-secure-login.work/verify using your credit card. This offer expires today, respond immediately.",1
Final notice: payment failed for your Dropbox subscription,dropbox-support@dropbox-alerts.xyz,Your payment failed. Update your billing information immediately to avoid losing access. Log in to http://bit.ly/1bcbe4 and confirm your password and credit card details.,1
Your FedEx package could not be delivered,fedex-support@fedex-alerts.top,Your payment failed. Update your billing information immediately to avoid losing access. Log in to http://fedex.account-update.icu/ and confirm your password and credit card details.,1
Weekly team update,priya.k@initech.com,"Hi Chen, I reviewed the onboarding deck and left a few comments in the shared document. Overall it looks good. Could you update the numbers before we send it out? Details: https://initech.com/docs/145",0
Your Microsoft package could not be delivered,microsoft.billing@gmail.com,Final warning: your mailbox is full. Sign in to http://bit.ly/hfdg4k and enter your password to re-activate your account. Failure to comply will result in permanent closure.,1
You have won a Amazon gift card - claim now,amazon-support@amazon-alerts.click,Final warning: your mailbox is full. Sign in to http://107.245.75.232/login and enter your password to re-activate your account. Failure to comply will result in permanent closure.,1
Security alert: unusual sign-in to your Apple account,security@apple.verify-413.xyz,Attached is an overdue invoice. Please make a wire transfer to the account below as soon as possible. Legal action may follow. Confirm at http://apple-secure-login.work/verify,1
Reminder: vendor review review on Friday,maria.r@example.org,"Hello Priya, your order #29375 has shipped and should arrive in three to five business days. You can track it from your account page. Thanks for shopping with us.",0
Your DocuSign package could not be delivered,docusign-support@docusign-alerts.icu,Attached is an overdue invoice. Please make a wire transfer to the account below as soon as possible. Legal action may follow. Confirm at http://docusign.account-update.top/,1
Security alert: unusual sign-in to your LinkedIn account,security@linkedin.verify-490.top,Congratulations! You have won a prize. To claim your reward send your bank account and routing number or buy a gift card and reply with the code. Act now: http://bit.ly/kd5gjf,1
Reminder: release checklist review on Friday,maria.r@acme.com,"Hi Alex, I reviewed the release checklist and left a few comments in the shared document. Overall it looks good. Could you update the numbers before we send it out?",0
Urgent: your LinkedIn account has been suspended,linkedin-support@linkedin-alerts.icu,"We could not deliver your parcel. Pay a small customs fee at http://linkedin-secure-login.click/verify using your credit card. This offer expires today, respond immediately.",1
Action required: verify your Netflix password,security@netflix.verify-523.icu,Congratulations! You have won a prize. To claim your reward send your bank account and routing number or buy a gift card and reply with the code. Act now: http://136.154.48.187/login,1
Final notice: payment failed for your Microsoft subscription,microsoft-support@microsoft-alerts.work,Congratulations! You have won a prize. To claim your reward send your bank account and routing number or buy a gift card and reply with the code. Act now: http://bit.ly/42dgff,1
Weekly team update,riya.m@initech.com,"Hi Riya, I reviewed the sprint retro and left a few comments in the shared document. Overall it looks good. Could you update the numbers before we send it out?",0
Security alert: unusual sign-in to your LinkedIn account,security@linkedin.verify-786.xyz,Congratulations! You have won a prize. To claim your reward send your bank account and routing number or buy a gift card and reply with the code. Act now: http://bit.ly/fd3g2j,1
You have won a FedEx gift card - claim now,fedex.billing@gmail.com,"Dear customer, we detected unusual activity on your FedEx account. Your account will be suspended within 24 hours unless you verify your identity. Click here to verify your account: http://fedex-secure-login.click/verify",1
Your order has shipped,maria.k@northwind.io,"Thank you for your purchase. Your receipt is attached. If you have any questions about the invoice, reply to this email and our team will help.",0
You have won a Amazon gift card - claim now,security@amazon.verify-819.click,"Dear customer, we detected unusual activity on your Amazon account. Your account will be suspended within 24 hours unless you verify your identity. Click here to verify your account: http://176.102.103.136/login",1
Your order has shipped,tom.r@acme.com,"Team, here is the weekly update. The release checklist is on track, QA found two minor issues which are already fixed. Please review the document before our sync tomorrow.",0
Your Apple package could not be delivered,security@apple.verify-525.xyz,Your payment failed. Update your billing information immediately to avoid losing access. Log in to http://bit.ly/eia5a5 and confirm your password and credit card details.,1
Receipt for your purchase,riya.r@northwind.io,"Hi Riya, thanks for joining the call. I have attached the notes for the budget draft. Let me know if I missed anything and we can discuss it on Monday.",0
Weekly team update,alex.m@initech.com,"Hi Lena, thanks for joining the call. I have attached the notes for the onboarding deck. Let me know if I missed anything and we can discuss it on Monday.",0
Lunch on Thursday?,alex.s@northwind.io,"Hi Lena, thanks for joining the call. I have attached the notes for the budget draft. Let me know if I missed anything and we can discuss it on Monday.",0
Urgent: your Chase account has been suspended,chase.billing@gmail.com,Congratulations! You have won a prize. To claim your reward send your bank account and routing number or buy a gift card and reply with the code. Act now: http://125.200.238.186/login,1
Confirm your identity to avoid account closure,microsoft.billing@gmail.com,Congratulations! You have won a prize. To claim your reward send your bank account and routing number or buy a gift card and reply with the code. Act now: http://microsoft-secure-login.top/verify,1
Lunch on Thursday?,alex.r@example.org,"Thank you for your purchase. Your receipt is attached. If you have any questions about the invoice, reply to this email and our team will help.",0
Reminder: onboarding deck review on Friday,alex.m@northwind.io,"Team, here is the weekly update. The onboarding deck is on track, QA found two minor issues which are already fixed. Please review the document before our sync tomorrow. Details: https://northwind.io/docs/133",0
vendor review - notes from today's meeting,priya.r@acme.com,"Thank you for your purchase. Your receipt is attached. If you have any questions about the invoice, reply to this email and our team will help. Details: https://acme.com/docs/380",0
Urgent: your Microsoft account has been suspended,security@microsoft.verify-416.xyz,Attached is an overdue invoice. Please make a wire transfer to the account below as soon as possible. Legal action may follow. Confirm at http://167.142.169.241/login,1
Action required: verify your PayPal password,security@paypal.verify-324.icu,"Dear customer, we detected unusual activity on your PayPal account. Your account will be suspended within 24 hours unless you verify your identity. Click here to verify your account: http://116.202.105.9/login",1
Your Chase package could not be delivered,chase-support@chase-alerts.work,"We could not deliver your parcel. Pay a small customs fee at http://bit.ly/e5g54k using your credit card. This offer expires today, respond immediately.",1
Receipt for your purchase,tom.k@contoso.com,"Hi Jordan, I reviewed the onboarding deck and left a few comments in the shared document. Overall it looks good. Could you update the numbers before we send it out?",0
vendor review - notes from today's meeting,chen.s@example.org,"Team, here is the weekly update. The vendor review is on track, QA found two minor issues which are already fixed. Please review the document before our sync tomorrow.",0
Urgent: your DocuSign account has been suspended,docusign.billing@gmail.com,"Dear customer, we detected unusual activity on your DocuSign account. Your account will be suspended within 24 hours unless you verify your identity. Click here to verify your account: http://docusign-secure-login.tk/verify",1
Final notice: payment failed for your Microsoft subscription,microsoft.billing@gmail.com,Congratulations! You have won a prize. To claim your reward send your bank account and routing number or buy a gift card and reply with the code. Act now: http://20.234.166.170/login,1
Invoice overdue - immediate payment required,security@chase.verify-332.top,Your payment failed. Update your billing information immediately to avoid losing access. Log in to http://46.150.130.244/login and confirm your password and credit card details.,1
Your PayPal package could not be delivered,security@paypal.verify-253.tk,Congratulations! You have won a prize. To claim your reward send your bank account and routing number or buy a gift card and reply with the code. Act now: http://69.85.130.65/login,1
Re: Q3 roadmap,lena.r@example.org,"Hi Sam, I reviewed the Q3 roadmap and left a few comments in the shared document. Overall it looks good. Could you update the numbers before we send it out?",0
Thanks for your help with the onboarding deck,maria.r@northwind.io,"Hi Omar, I reviewed the onboarding deck and left a few comments in the shared document. Overall it looks good. Could you update the numbers before we send it out?",0
You have won a Netflix gift card - claim now,security@netflix.verify-930.click,Attached is an overdue invoice. Please make a wire transfer to the account below as soon as possible. Legal action may follow. Confirm at http://netflix-secure-login.top/verify,1
Reminder: sprint retro review on Friday,riya.m@acme.com,"Hi Jordan, thanks for joining the call. I have attached the notes for the sprint retro. Let me know if I missed anything and we can discuss it on Monday.",0
Confirm your identity to avoid account closure,amazon-support@amazon-alerts.work,"We could not deliver your parcel. Pay a small customs fee at http://bit.ly/e15eg2 using your credit card. This offer expires today, respond immediately.",1
Security alert: unusual sign-in to your Dropbox account,dropbox.billing@gmail.com,"Dear customer, we detected unusual activity on your Dropbox account. Your account will be suspended within 24 hours unless you verify your identity. Click here to verify your account: http://bit.ly/ag22fi",1
Lunch on Thursday?,alex.r@acme.com,"Hi Priya, thanks for joining the call. I have attached the notes for the design handoff. Let me know if I missed anything and we can discuss it on Monday. Details: https://acme.com/docs/250",0
Action required: verify your LinkedIn password,linkedin-support@linkedin-alerts.top,Your payment failed. Update your billing information immediately to avoid losing access. Log in to http://205.38.157.56/login and confirm your password and credit card details.,1
Action required: verify your LinkedIn password,security@linkedin.verify-298.tk,Attached is an overdue invoice. Please make a wire transfer to the account below as soon as possible. Legal action may follow. Confirm at http://linkedin-secure-login.icu/verify,1
Final notice: payment failed for your Apple subscription,apple.billing@gmail.com,"We could not deliver your parcel. Pay a small customs fee at http://apple-secure-login.tk/verify using your credit card. This offer expires today, respond immediately.",1
You have won a Amazon gift card - claim now,amazon-support@amazon-alerts.icu,"Dear customer, we detected unusual activity on your Amazon account. Your account will be suspended within 24 hours unless you verify your identity. Click here to verify your account: http://amazon-secure-login.icu/verify",1
Thanks for your help with the design handoff,chen.k@initech.com,"Thank you for your purchase. Your receipt is attached. If you have any questions about the invoice, reply to this email and our team will help.",0
release checklist - notes from today's meeting,riya.r@example.org,"Thank you for your purchase. Your receipt is attached. If you have any questions about the invoice, reply to this email and our team will help.",0
Final notice: payment failed for your Dropbox subscription,dropbox.billing@gmail.com,Final warning: your mailbox is full. Sign in to http://dropbox-secure-login.icu/verify and enter your password to re-activate your account. Failure to comply will result in permanent closure.,1
Your Chase package could not be delivered,chase-support@chase-alerts.work,Congratulations! You have won a prize. To claim your reward send your bank account and routing number or buy a gift card and reply with the code. Act now: http://chase-secure-login.top/verify,1
Confirm your identity to avoid account closure,security@paypal.verify-140.icu,Final warning: your mailbox is full. Sign in to http://paypal.account-update.top/ and enter your password to re-activate your account. Failure to comply will result in permanent closure.,1
release checklist - notes from today's meeting,maria.m@initech.com,"Hi Lena, I reviewed the release checklist and left a few comments in the shared document. Overall it looks good. Could you update the numbers before we send it out?",0
Security alert: unusual sign-in to your Microsoft account,microsoft.billing@gmail.com,Attached is an overdue invoice. Please make a wire transfer to the account below as soon as possible. Legal action may follow. Confirm at http://167.113.158.176/login,1
Thanks for your help with the design handoff,chen.k@contoso.com,"Team, here is the weekly update. The design handoff is on track, QA found two minor issues which are already fixed. Please review the document before our sync tomorrow.",0
Final notice: payment failed for your Netflix subscription,netflix-support@netflix-alerts.icu,Your payment failed. Update your billing information immediately to avoid losing access. Log in to http://78.128.181.128/login and confirm your password and credit card details.,1
Action required: verify your LinkedIn password,linkedin-support@linkedin-alerts.click,Congratulations! You have won a prize. To claim your reward send your bank account and routing number or buy a gift card and reply with the code. Act now: http://bit.ly/52feh2,1
Your order has shipped,chen.r@contoso.com,"Hey Priya, are you free for lunch on Thursday? There is a new place near the office. Happy to move it if the sprint retro review runs late.",0
Lunch on Thursday?,maria.r@initech.com,"Thank you for your purchase. Your receipt is attached. If you have any questions about the invoice, reply to this email and our team will help.",0
Confirm your identity to avoid account closure,netflix.billing@gmail.com,Final warning: your mailbox is full. Sign in to http://bit.ly/5535e2 and enter your password to re-activate your account. Failure to comply will result in permanent closure.,1
You have won a Amazon gift card - claim now,amazon-support@amazon-alerts.icu,Final warning: your mailbox is full. Sign in to http://amazon.account-update.work/ and enter your password to re-activate your account. Failure to comply will result in permanent closure.,1
Your order has shipped,maria.m@initech.com,"Hi Sam, I reviewed the Q3 roadmap and left a few comments in the shared document. Overall it looks good. Could you update the numbers before we send it out?",0
You have won a Dropbox gift card - claim now,security@dropbox.verify-321.tk,"Dear customer, we detected unusual activity on your Dropbox account. Your account will be suspended within 24 hours unless you verify your identity. Click here to verify your account: http://dropbox-secure-login.work/verify",1
Receipt for your purchase,omar.s@acme.com,"Hi Priya, I reviewed the release checklist and left a few comments in the shared document. Overall it looks good. Could you update the numbers before we send it out? Details: https://acme.com/docs/375",0
Receipt for your purchase,maria.s@northwind.io,"Thank you for your purchase. Your receipt is attached. If you have any questions about the invoice, reply to this email and our team will help.",0
Invoice overdue - immediate payment required,dropbox-support@dropbox-alerts.tk,"Dear customer, we detected unusual activity on your Dropbox account. Your account will be suspended within 24 hours unless you verify your identity. Click here to verify your account: http://dropbox-secure-login.top/verify",1
Reminder: vendor review review on Friday,lena.s@acme.com,"Team, here is the weekly update. The vendor review is on track, QA found two minor issues which are already fixed. Please review the document before our sync tomorrow.",0
Weekly team update,tom.s@initech.com,"Thank you for your purchase. Your receipt is attached. If you have any questions about the invoice, reply to this email and our team will help.",0
Invoice overdue - immediate payment required,security@chase.verify-579.xyz,Congratulations! You have won a prize. To claim your reward send your bank account and routing number or buy a gift card and reply with the code. Act now: http://bit.ly/hjc42h,1
Final notice: payment failed for your Microsoft subscription,security@microsoft.verify-876.icu,"Dear customer, we detected unusual activity on your Microsoft account. Your account will be suspended within 24 hours unless you verify your identity. Click here to verify your account: http://bit.ly/kdhbh1",1
Final notice: payment failed for your LinkedIn subscription,security@linkedin.verify-569.xyz,Final warning: your mailbox is full. Sign in to http://linkedin.account-update.tk/ and enter your password to re-activate your account. Failure to comply will result in permanent closure.,1
Re: onboarding deck,riya.r@northwind.io,"Team, here is the weekly update. The onboarding deck is on track, QA found two minor issues which are already fixed. Please review the document before our sync tomorrow.",0
Weekly team update,sam.s@initech.com,"Team, here is the weekly update. The Q3 roadmap is on track, QA found two minor issues which are already fixed. Please review the document before our sync tomorrow.",0
Final notice: payment failed for your DocuSign subscription,docusign-support@docusign-alerts.top,Congratulations! You have won a prize. To claim your reward send your bank account and routing number or buy a gift card and reply with the code. Act now: http://bit.ly/g1ia6e,1
Reminder: sprint retro review on Friday,chen.s@example.org,"Hey Alex, are you free for lunch on Thursday? There is a new place near the office. Happy to move it if the sprint retro review runs late.",0
release checklist - notes from today's meeting,lena.s@contoso.com,"Hi Riya, thanks for joining the call. I have attached the notes for the release checklist. Let me know if I missed anything and we can discuss it on Monday.",0
Final notice: payment failed for your Amazon subscription,amazon-support@amazon-alerts.tk,"We could not deliver your parcel. Pay a small customs fee at http://amazon-secure-login.click/verify using your credit card. This offer expires today, respond immediately.",1
Reminder: release checklist review on Friday,riya.s@initech.com,"Team, here is the weekly update. The release checklist is on track, QA found two minor issues which are already fixed. Please review the document before our sync tomorrow.",0
Reminder: design handoff review on Friday,alex.m@initech.com,"Hello Alex, your order #64270 has shipped and should arrive in three to five business days. You can track it from your account page. Thanks for shopping with us. Details: https://initech.com/docs/480",0
Re: design handoff,tom.m@contoso.com,"Hi Omar, thanks for joining the call. I have attached the notes for the design handoff. Let me know if I missed anything and we can discuss it on Monday.",0
Action required: verify your Dropbox password,dropbox.billing@gmail.com,Attached is an overdue invoice. Please make a wire transfer to the account below as soon as possible. Legal action may follow. Confirm at http://dropbox.account-update.xyz/,1
Final notice: payment failed for your Netflix subscription,netflix-support@netflix-alerts.icu,"Dear customer, we detected unusual activity on your Netflix account. Your account will be suspended within 24 hours unless you verify your identity. Click here to verify your account: http://82.105.125.153/login",1
Receipt for your purchase,priya.k@contoso.com,"Thank you for your purchase. Your receipt is attached. If you have any questions about the invoice, reply to this email and our team will help.",0
Lunch on Thursday?,sam.r@initech.com,"Hello Sam, your order #81349 has shipped and should arrive in three to five business days. You can track it from your account page. Thanks for shopping with us.",0
Re: design handoff,riya.s@acme.com,"Hello Tom, your order #88334 has shipped and should arrive in three to five business days. You can track it from your account page. Thanks for shopping with us. Details: https://acme.com/docs/58",0
Re: Q3 roadmap,sam.s@initech.com,"Hey Sam, are you free for lunch on Thursday? There is a new place near the office. Happy to move it if the Q3 roadmap review runs late.",0
Your order has shipped,sam.r@example.org,"Thank you for your purchase. Your receipt is attached. If you have any questions about the invoice, reply to this email and our team will help.",0
Weekly team update,lena.r@northwind.io,"Hi Maria, I reviewed the sprint retro and left a few comments in the shared document. Overall it looks good. Could you update the numbers before we send it out?",0
Final notice: payment failed for your DocuSign subscription,docusign.billing@gmail.com,Attached is an overdue invoice. Please make a wire transfer to the account below as soon as possible. Legal action may follow. Confirm at http://13.200.148.188/login,1
Urgent: your Apple account has been suspended,apple.billing@gmail.com,"Dear customer, we detected unusual activity on your Apple account. Your account will be suspended within 24 hours unless you verify your identity. Click here to verify your account: http://apple-secure-login.top/verify",1
Your order has shipped,priya.s@acme.com,"Team, here is the weekly update. The onboarding deck is on track, QA found two minor issues which are already fixed. Please review the document before our sync tomorrow.",0
Invoice overdue - immediate payment required,linkedin-support@linkedin-alerts.tk,"We could not deliver your parcel. Pay a small customs fee at http://linkedin-secure-login.top/verify using your credit card. This offer expires today, respond immediately.",1
Security alert: unusual sign-in to your FedEx account,fedex.billing@gmail.com,Attached is an overdue invoice. Please make a wire transfer to the account below as soon as possible. Legal action may follow. Confirm at http://fedex.account-update.work/,1
Thanks for your help with the sprint retro,sam.m@initech.com,"Hi Alex, I reviewed the sprint retro and left a few comments in the shared document. Overall it looks good. Could you update the numbers before we send it out?",0
Urgent: your Dropbox account has been suspended,dropbox.billing@gmail.com,Congratulations! You have won a prize. To claim your reward send your bank account and routing number or buy a gift card and reply with the code. Act now: http://dropbox.account-update.work/,1
Final notice: payment failed for your PayPal subscription,security@paypal.verify-695.tk,"We could not deliver your parcel. Pay a small customs fee at http://paypal.account-update.click/ using your credit card. This offer expires today, respond immediately.",1
Re: sprint retro,sam.m@northwind.io,"Hey Riya, are you free for lunch on Thursday? There is a new place near the office. Happy to move it if the sprint retro review runs late.",0
Reminder: vendor review review on Friday,tom.s@northwind.io,"Team, here is the weekly update. The vendor review is on track, QA found two minor issues which are already fixed. Please review the document before our sync tomorrow.",0
Re: budget draft,priya.r@contoso.com,"Hello Omar, your order #89791 has shipped and should arrive in three to five business days. You can track it from your account page. Thanks for shopping with us. Details: https://contoso.com/docs/70",0
Urgent: your Dropbox account has been suspended,dropbox.billing@gmail.com,Final warning: your mailbox is full. Sign in to http://bit.ly/2b3hef and enter your password to re-activate your account. Failure to comply will result in permanent closure.,1
Confirm your identity to avoid account closure,netflix.billing@gmail.com,Your payment failed. Update your billing information immediately to avoid losing access. Log in to http://68.102.38.87/login and confirm your password and credit card details.,1
onboarding deck - notes from today's meeting,priya.s@northwind.io,"Hello Maria, your order #64478 has shipped and should arrive in three to five business days. You can track it from your account page. Thanks for shopping with us.",0
Your DocuSign package could not be delivered,docusign.billing@gmail.com,Attached is an overdue invoice. Please make a wire transfer to the account below as soon as possible. Legal action may follow. Confirm at http://docusign-secure-login.work/verify,1
Thanks for your help with the Q3 roadmap,sam.m@northwind.io,"Hello Alex, your order #98473 has shipped and should arrive in three to five business days. You can track it from your account page. Thanks for shopping with us. Details: https://northwind.io/docs/283",0
Your order has shipped,maria.k@initech.com,"Hey Maria, are you free for lunch on Thursday? There is a new place near the office. Happy to move it if the vendor review review runs late. Details: https://initech.com/docs/453",0
Security alert: unusual sign-in to your Apple account,security@apple.verify-175.tk,"Dear customer, we detected unusual activity on your Apple account. Your account will be suspended within 24 hours unless you verify your identity. Click here to verify your account: http://apple-secure-login.xyz/verify",1
Lunch on Thursday?,sam.s@contoso.com,"Team, here is the weekly update. The onboarding deck is on track, QA found two minor issues which are already fixed. Please review the document before our sync tomorrow.",0
Confirm your identity to avoid account closure,paypal.billing@gmail.com,Your payment failed. Update your billing information immediately to avoid losing access. Log in to http://bit.ly/bgga63 and confirm your password and credit card details.,1
Urgent: your LinkedIn account has been suspended,linkedin.billing@gmail.com,"Dear customer, we detected unusual activity on your LinkedIn account. Your account will be suspended within 24 hours unless you verify your identity. Click here to verify your account: http://bit.ly/65ddcj",1
Your DocuSign package could not be delivered,docusign-support@docusign-alerts.click,"Dear customer, we detected unusual activity on your DocuSign account. Your account will be suspended within 24 hours unless you verify your identity. Click here to verify your account: http://docusign.account-update.top/",1
Final notice: payment failed for your FedEx subscription,fedex.billing@gmail.com,Congratulations! You have won a prize. To claim your reward send your bank account and routing number or buy a gift card and reply with the code. Act now: http://bit.ly/fd4ah4,1
Confirm your identity to avoid account closure,dropbox.billing@gmail.com,"Dear customer, we detected unusual activity on your Dropbox account. Your account will be suspended within 24 hours unless you verify your identity. Click here to verify your account: http://dropbox-secure-login.click/verify",1
Your order has shipped,sam.r@contoso.com,"Hello Riya, your order #16903 has shipped and should arrive in three to five business days. You can track it from your account page. Thanks for shopping with us.",0
Urgent: your Apple account has been suspended,apple-support@apple-alerts.work,Attached is an overdue invoice. Please make a wire transfer to the account below as soon as possible. Legal action may follow. Confirm at http://61.180.135.61/login,1
Security alert: unusual sign-in to your DocuSign account,security@docusign.verify-667.icu,Final warning: your mailbox is full. Sign in to http://docusign.account-update.top/ and enter your password to re-activate your account. Failure to comply will result in permanent closure.,1
Final notice: payment failed for your FedEx subscription,fedex-support@fedex-alerts.top,Final warning: your mailbox is full. Sign in to http://fedex-secure-login.tk/verify and enter your password to re-activate your account. Failure to comply will result in permanent closure.,1
You have won a Dropbox gift card - claim now,dropbox.billing@gmail.com,"We could not deliver your parcel. Pay a small customs fee at http://dropbox-secure-login.xyz/verify using your credit card. This offer expires today, respond immediately.",1
Security alert: unusual sign-in to your Microsoft account,microsoft.billing@gmail.com,Congratulations! You have won a prize. To claim your reward send your bank account and routing number or buy a gift card and reply with the code. Act now: http://bit.ly/fbfdc2,1
Reminder: onboarding deck review on Friday,alex.r@northwind.io,"Hi Priya, thanks for joining the call. I have attached the notes for the onboarding deck. Let me know if I missed anything and we can discuss it on Monday. Details: https://northwind.io/docs/199",0
You have won a Chase gift card - claim now,security@chase.verify-106.xyz,Attached is an overdue invoice. Please make a wire transfer to the account below as soon as possible. Legal action may follow. Confirm at http://bit.ly/ac4j4c,1
Security alert: unusual sign-in to your DocuSign account,docusign-support@docusign-alerts.xyz,"We could not deliver your parcel. Pay a small customs fee at http://docusign.account-update.work/ using your credit card. This offer expires today, respond immediately.",1
Thanks for your help with the sprint retro,maria.k@contoso.com,"Team, here is the weekly update. The sprint retro is on track, QA found two minor issues which are already fixed. Please review the document before our sync tomorrow. Details: https://contoso.com/docs/394",0
Re: design handoff,chen.s@initech.com,"Hey Riya, are you free for lunch on Thursday? There is a new place near the office. Happy to move it if the design handoff review runs late.",0
Security alert: unusual sign-in to your Amazon account,amazon-support@amazon-alerts.top,Your payment failed. Update your billing information immediately to avoid losing access. Log in to http://amazon-secure-login.top/verify and confirm your password and credit card details.,1
Thanks for your help with the Q3 roadmap,priya.k@example.org,"Team, here is the weekly update. The Q3 roadmap is on track, QA found two minor issues which are already fixed. Please review the document before our sync tomorrow.",0
Your Netflix package could not be delivered,netflix-support@netflix-alerts.top,"Dear customer, we detected unusual activity on your Netflix account. Your account will be suspended within 24 hours unless you verify your identity. Click here to verify your account: http://176.107.238.110/login",1
Invoice overdue - immediate payment required,linkedin.billing@gmail.com,"Dear customer, we detected unusual activity on your LinkedIn account. Your account will be suspended within 24 hours unless you verify your identity. Click here to verify your account: http://181.16.24.47/login",1
Action required: verify your Chase password,chase.billing@gmail.com,Final warning: your mailbox is full. Sign in to http://bit.ly/3ce43e and enter your password to re-activate your account. Failure to comply will result in permanent closure.,1
You have won a FedEx gift card - claim now,fedex-support@fedex-alerts.xyz,"Dear customer, we detected unusual activity on your FedEx account. Your account will be suspended within 24 hours unless you verify your identity. Click here to verify your account: http://fedex-secure-login.tk/verify",1
Confirm your identity to avoid account closure,chase.billing@gmail.com,"We could not deliver your parcel. Pay a small customs fee at http://chase-secure-login.tk/verify using your credit card. This offer expires today, respond immediately.",1
Your order has shipped,riya.r@northwind.io,"Hey Omar, are you free for lunch on Thursday? There is a new place near the office. Happy to move it if the vendor review review runs late.",0
Action required: verify your Netflix password,security@netflix.verify-151.click,Your payment failed. Update your billing information immediately to avoid losing access. Log in to http://bit.ly/kfhafh and confirm your password and credit card details.,1
Thanks for your help with the design handoff,chen.k@example.org,"Hello Lena, your order #81881 has shipped and should arrive in three to five business days. You can track it from your account page. Thanks for shopping with us. Details: https://example.org/docs/185",0
Your Amazon package could not be delivered,security@amazon.verify-953.xyz,"Dear customer, we detected unusual activity on your Amazon account. Your account will be suspended within 24 hours unless you verify your identity. Click here to verify your account: http://bit.ly/56cad3",1
Receipt for your purchase,omar.r@northwind.io,"Hey Lena, are you free for lunch on Thursday? There is a new place near the office. Happy to move it if the budget draft review runs late.",0
You have won a DocuSign gift card - claim now,docusign-support@docusign-alerts.tk,"We could not deliver your parcel. Pay a small customs fee at http://bit.ly/63jeb6 using your credit card. This offer expires today, respond immediately.",1
Your DocuSign package could not be delivered,docusign-support@docusign-alerts.work,"Dear customer, we detected unusual activity on your DocuSign account. Your account will be suspended within 24 hours unless you verify your identity. Click here to verify your account: http://bit.ly/2dfe4k",1
Urgent: your LinkedIn account has been suspended,linkedin.billing@gmail.com,"We could not deliver your parcel. Pay a small customs fee at http://bit.ly/4eji45 using your credit card. This offer expires today, respond immediately.",1
Your order has shipped,priya.s@acme.com,"Hi Priya, thanks for joining the call. I have attached the notes for the Q3 roadmap. Let me know if I missed anything and we can discuss it on Monday.",0
Confirm your identity to avoid account closure,security@amazon.verify-702.xyz,Your payment failed. Update your billing information immediately to avoid losing access. Log in to http://amazon-secure-login.xyz/verify and confirm your password and credit card details.,1
Confirm your identity to avoid account closure,microsoft.billing@gmail.com,Attached is an overdue invoice. Please make a wire transfer to the account below as soon as possible. Legal action may follow. Confirm at http://bit.ly/4jk6gd,1
Lunch on Thursday?,maria.s@contoso.com,"Hello Tom, your order #61781 has shipped and should arrive in three to five business days. You can track it from your account page. Thanks for shopping with us. Details: https://contoso.com/docs/258",0
Receipt for your purchase,lena.k@northwind.io,"Hello Sam, your order #44554 has shipped and should arrive in three to five business days. You can track it from your account page. Thanks for shopping with us.",0
Urgent: your PayPal account has been suspended,paypal-support@paypal-alerts.click,Final warning: your mailbox is full. Sign in to http://paypal.account-update.work/ and enter your password to re-activate your account. Failure to comply will result in permanent closure.,1
Action required: verify your Apple password,apple-support@apple-alerts.icu,Final warning: your mailbox is full. Sign in to http://apple-secure-login.click/verify and enter your password to re-activate your account. Failure to comply will result in permanent closure.,1
Receipt for your purchase,alex.r@initech.com,"Thank you for your purchase. Your receipt is attached. If you have any questions about the invoice, reply to this email and our team will help.",0
Weekly team update,riya.r@example.org,"Hi Tom, thanks for joining the call. I have attached the notes for the design handoff. Let me know if I missed anything and we can discuss it on Monday.",0
You have won a LinkedIn gift card - claim now,linkedin-support@linkedin-alerts.click,Final warning: your mailbox is full. Sign in to http://208.42.62.212/login and enter your password to re-activate your account. Failure to comply will result in permanent closure.,1
Thanks for your help with the sprint retro,omar.m@contoso.com,"Hey Maria, are you free for lunch on Thursday? There is a new place near the office. Happy to move it if the sprint retro review runs late.",0
Thanks for your help with the sprint retro,riya.s@acme.com,"Hi Maria, thanks for joining the call. I have attached the notes for the sprint retro. Let me know if I missed anything and we can discuss it on Monday. Details: https://acme.com/docs/83",0
Your order has shipped,maria.k@initech.com,"Hi Riya, I reviewed the onboarding deck and left a few comments in the shared document. Overall it looks good. Could you update the numbers before we send it out?",0
Action required: verify your Chase password,security@chase.verify-604.xyz,Final warning: your mailbox is full. Sign in to http://chase.account-update.click/ and enter your password to re-activate your account. Failure to comply will result in permanent closure.,1
Security alert: unusual sign-in to your Apple account,apple-support@apple-alerts.icu,"Dear customer, we detected unusual activity on your Apple account. Your account will be suspended within 24 hours unless you verify your identity. Click here to verify your account: http://133.202.173.155/login",1
Your Apple package could not be delivered,security@apple.verify-586.top,Attached is an overdue invoice. Please make a wire transfer to the account below as soon as possible. Legal action may follow. Confirm at http://apple.account-update.click/,1
You have won a Microsoft gift card - claim now,microsoft-support@microsoft-alerts.top,Final warning: your mailbox is full. Sign in to http://microsoft-secure-login.tk/verify and enter your password to re-activate your account. Failure to comply will result in permanent closure.,1
Reminder: design handoff review on Friday,lena.s@example.org,"Team, here is the weekly update. The design handoff is on track, QA found two minor issues which are already fixed. Please review the document before our sync tomorrow.",0
Urgent: your Chase account has been suspended,chase-support@chase-alerts.work,"We could not deliver your parcel. Pay a small customs fee at http://chase.account-update.xyz/ using your credit card. This offer expires today, respond immediately.",1
Weekly team update,jordan.s@northwind.io,"Thank you for your purchase. Your receipt is attached. If you have any questions about the invoice, reply to this email and our team will help.",0
Your order has shipped,riya.r@contoso.com,"Thank you for your purchase. Your receipt is attached. If you have any questions about the invoice, reply to this email and our team will help.",0
onboarding deck - notes from today's meeting,tom.s@initech.com,"Hello Tom, your order #90324 has shipped and should arrive in three to five business days. You can track it from your account page. Thanks for shopping with us.",0
Your PayPal package could not be delivered,paypal.billing@gmail.com,Congratulations! You have won a prize. To claim your reward send your bank account and routing number or buy a gift card and reply with the code. Act now: http://78.69.109.41/login,1
Final notice: payment failed for your LinkedIn subscription,linkedin-support@linkedin-alerts.xyz,Congratulations! You have won a prize. To claim your reward send your bank account and routing number or buy a gift card and reply with the code. Act now: http://bit.ly/eb4kif,1
Security alert: unusual sign-in to your Dropbox account,security@dropbox.verify-166.xyz,Your payment failed. Update your billing information immediately to avoid losing access. Log in to http://dropbox.account-update.tk/ and confirm your password and credit card details.,1
You have won a Microsoft gift card - claim now,security@microsoft.verify-204.xyz,Attached is an overdue invoice. Please make a wire transfer to the account below as soon as possible. Legal action may follow. Confirm at http://bit.ly/kk53jf,1
Urgent: your PayPal account has been suspended,paypal.billing@gmail.com,"Dear customer, we detected unusual activity on your PayPal account. Your account will be suspended within 24 hours unless you verify your identity. Click here to verify your account: http://172.33.52.194/login",1
Your order has shipped,omar.k@northwind.io,"Hey Sam, are you free for lunch on Thursday? There is a new place near the office. Happy to move it if the Q3 roadmap review runs late.",0
Lunch on Thursday?,lena.m@contoso.com,"Hi Chen, I reviewed the sprint retro and left a few comments in the shared document. Overall it looks good. Could you update the numbers before we send it out?",0
Your order has shipped,maria.m@northwind.io,"Hello Tom, your order #33404 has shipped and should arrive in three to five business days. You can track it from your account page. Thanks for shopping with us.",0
Action required: verify your Dropbox password,security@dropbox.verify-652.top,Your payment failed. Update your billing information immediately to avoid losing access. Log in to http://bit.ly/4k11ha and confirm your password and credit card details.,1
Thanks for your help with the budget draft,alex.r@northwind.io,"Hi Jordan, I reviewed the budget draft and left a few comments in the shared document. Overall it looks good. Could you update the numbers before we send it out?",0
Your order has shipped,jordan.k@contoso.com,"Hi Jordan, I reviewed the Q3 roadmap and left a few comments in the shared document. Overall it looks good. Could you update the numbers before we send it out?",0
design handoff - notes from today's meeting,lena.r@example.org,"Hey Jordan, are you free for lunch on Thursday? There is a new place near the office. Happy to move it if the design handoff review runs late.",0
You have won a FedEx gift card - claim now,fedex.billing@gmail.com,Your payment failed. Update your billing information immediately to avoid losing access. Log in to http://bit.ly/1dh65k and confirm your password and credit card details.,1
Action required: verify your Amazon password,amazon.billing@gmail.com,"Dear customer, we detected unusual activity on your Amazon account. Your account will be suspended within 24 hours unless you verify your identity. Click here to verify your account: http://amazon.account-update.work/",1
Your FedEx package could not be delivered,fedex.billing@gmail.com,"Dear customer, we detected unusual activity on your FedEx account. Your account will be suspended within 24 hours unless you verify your identity. Click here to verify your account: http://fedex.account-update.xyz/",1
Security alert: unusual sign-in to your Netflix account,security@netflix.verify-888.top,Attached is an overdue invoice. Please make a wire transfer to the account below as soon as possible. Legal action may follow. Confirm at http://netflix.account-update.top/,1
Receipt for your purchase,jordan.r@contoso.com,"Hi Tom, I reviewed the sprint retro and left a few comments in the shared document. Overall it looks good. Could you update the numbers before we send it out?",0
Your DocuSign package could not be delivered,docusign.billing@gmail.com,"Dear customer, we detected unusual activity on your DocuSign account. Your account will be suspended within 24 hours unless you verify your identity. Click here to verify your account: http://112.163.141.179/login",1
Weekly team update,maria.s@example.org,"Team, here is the weekly update. The onboarding deck is on track, QA found two minor issues which are already fixed. Please review the document before our sync tomorrow.",0
Final notice: payment failed for your FedEx subscription,fedex-support@fedex-alerts.click,Final warning: your mailbox is full. Sign in to http://fedex.account-update.icu/ and enter your password to re-activate your account. Failure to comply will result in permanent closure.,1
Your DocuSign package could not be delivered,docusign.billing@gmail.com,Final warning: your mailbox is full. Sign in to http://bit.ly/bj4kj1 and enter your password to re-activate your account. Failure to comply will result in permanent closure.,1
Your order has shipped,jordan.s@contoso.com,"Hello Jordan, your order #55314 has shipped and should arrive in three to five business days. You can track it from your account page. Thanks for shopping with us.",0
You have won a Dropbox gift card - claim now,security@dropbox.verify-460.work,Congratulations! You have won a prize. To claim your reward send your bank account and routing number or buy a gift card and reply with the code. Act now: http://16.199.41.142/login,1
You have won a Chase gift card - claim now,security@chase.verify-329.tk,Final warning: your mailbox is full. Sign in to http://43.154.33.57/login and enter your password to re-activate your account. Failure to comply will result in permanent closure.,1
Final notice: payment failed for your LinkedIn subscription,security@linkedin.verify-694.xyz,Attached is an overdue invoice. Please make a wire transfer to the account below as soon as possible. Legal action may follow. Confirm at http://128.100.134.47/login,1
Action required: verify your FedEx password,fedex.billing@gmail.com,Attached is an overdue invoice. Please make a wire transfer to the account below as soon as possible. Legal action may follow. Confirm at http://fedex-secure-login.work/verify,1
budget draft - notes from today's meeting,maria.s@acme.com,"Hey Priya, are you free for lunch on Thursday? There is a new place near the office. Happy to move it if the budget draft review runs late.",0
Reminder: release checklist review on Friday,riya.r@initech.com,"Hi Jordan, thanks for joining the call. I have attached the notes for the release checklist. Let me know if I missed anything and we can discuss it on Monday.",0
Weekly team update,tom.k@contoso.com,"Hi Omar, thanks for joining the call. I have attached the notes for the budget draft. Let me know if I missed anything and we can discuss it on Monday.",0
Reminder: design handoff review on Friday,maria.k@northwind.io,"Hey Jordan, are you free for lunch on Thursday? There is a new place near the office. Happy to move it if the design handoff review runs late.",0
Re: vendor review,chen.k@acme.com,"Team, here is the weekly update. The vendor review is on track, QA found two minor issues which are already fixed. Please review the document before our sync tomorrow.",0
Final notice: payment failed for your LinkedIn subscription,security@linkedin.verify-229.tk,Your payment failed. Update your billing information immediately to avoid losing access. Log in to http://bit.ly/i46dhh and confirm your password and credit card details.,1
vendor review - notes from today's meeting,alex.r@initech.com,"Hi Sam, thanks for joining the call. I have attached the notes for the vendor review. Let me know if I missed anything and we can discuss it on Monday.",0
design handoff - notes from today's meeting,omar.s@contoso.com,"Team, here is the weekly update. The design handoff is on track, QA found two minor issues which are already fixed. Please review the document before our sync tomorrow.",0
Thanks for your help with the design handoff,riya.s@example.org,"Hi Sam, I reviewed the design handoff and left a few comments in the shared document. Overall it looks good. Could you update the numbers before we send it out?",0
Urgent: your Netflix account has been suspended,netflix-support@netflix-alerts.tk,Final warning: your mailbox is full. Sign in to http://bit.ly/kg4jd3 and enter your password to re-activate your account. Failure to comply will result in permanent closure.,1
Invoice overdue - immediate payment required,netflix-support@netflix-alerts.click,Your payment failed. Update your billing information immediately to avoid losing access. Log in to http://netflix-secure-login.icu/verify and confirm your password and credit card details.,1
Weekly team update,priya.r@acme.com,"Hey Alex, are you free for lunch on Thursday? There is a new place near the office. Happy to move it if the release checklist review runs late.",0
Reminder: vendor review review on Friday,omar.k@acme.com,"Hi Lena, thanks for joining the call. I have attached the notes for the vendor review. Let me know if I missed anything and we can discuss it on Monday. Details: https://acme.com/docs/473",0
Weekly team update,chen.r@acme.com,"Hi Riya, thanks for joining the call. I have attached the notes for the design handoff. Let me know if I missed anything and we can discuss it on Monday.",0
Confirm your identity to avoid account closure,dropbox.billing@gmail.com,"We could not deliver your parcel. Pay a small customs fee at http://bit.ly/hga4fb using your credit card. This offer expires today, respond immediately.",1
Lunch on Thursday?,tom.m@northwind.io,"Hi Chen, thanks for joining the call. I have attached the notes for the Q3 roadmap. Let me know if I missed anything and we can discuss it on Monday.",0
Confirm your identity to avoid account closure,fedex-support@fedex-alerts.work,Your payment failed. Update your billing information immediately to avoid losing access. Log in to http://bit.ly/c3hk45 and confirm your password and credit card details.,1
Re: design handoff,jordan.s@northwind.io,"Thank you for your purchase. Your receipt is attached. If you have any questions about the invoice, reply to this email and our team will help.",0
Action required: verify your Apple password,security@apple.verify-373.icu,"Dear customer, we detected unusual activity on your Apple account. Your account will be suspended within 24 hours unless you verify your identity. Click here to verify your account: http://apple.account-update.click/",1
Urgent: your DocuSign account has been suspended,security@docusign.verify-373.work,Attached is an overdue invoice. Please make a wire transfer to the account below as soon as possible. Legal action may follow. Confirm at http://219.228.24.141/login,1
Weekly team update,jordan.s@initech.com,"Thank you for your purchase. Your receipt is attached. If you have any questions about the invoice, reply to this email and our team will help.",0
Your order has shipped,riya.s@example.org,"Hi Priya, thanks for joining the call. I have attached the notes for the onboarding deck. Let me know if I missed anything and we can discuss it on Monday.",0
Receipt for your purchase,priya.r@example.org,"Thank you for your purchase. Your receipt is attached. If you have any questions about the invoice, reply to this email and our team will help. Details: https://example.org/docs/138",0
Urgent: your Microsoft account has been suspended,security@microsoft.verify-792.top,"Dear customer, we detected unusual activity on your Microsoft account. Your account will be suspended within 24 hours unless you verify your identity. Click here to verify your account: http://microsoft-secure-login.work/verify",1
Re: Q3 roadmap,maria.k@example.org,"Hi Omar, I reviewed the Q3 roadmap and left a few comments in the shared document. Overall it looks good. Could you update the numbers before we send it out? Details: https://example.org/docs/248",0
Invoice overdue - immediate payment required,security@linkedin.verify-875.xyz,Attached is an overdue invoice. Please make a wire transfer to the account below as soon as possible. Legal action may follow. Confirm at http://linkedin-secure-login.icu/verify,1
Confirm your identity to avoid account closure,security@chase.verify-972.top,Congratulations! You have won a prize. To claim your reward send your bank account and routing number or buy a gift card and reply with the code. Act now: http://chase.account-update.tk/,1
Action required: verify your Apple password,security@apple.verify-452.xyz,"Dear customer, we detected unusual activity on your Apple account. Your account will be suspended within 24 hours unless you verify your identity. Click here to verify your account: http://apple.account-update.click/",1
Confirm your identity to avoid account closure,docusign-support@docusign-alerts.click,Attached is an overdue invoice. Please make a wire transfer to the account below as soon as possible. Legal action may follow. Confirm at http://bit.ly/g4153g,1
Confirm your identity to avoid account closure,security@chase.verify-694.click,"We could not deliver your parcel. Pay a small customs fee at http://bit.ly/5id3kc using your credit card. This offer expires today, respond immediately.",1
Final notice: payment failed for your Dropbox subscription,dropbox.billing@gmail.com,Final warning: your mailbox is full. Sign in to http://dropbox.account-update.top/ and enter your password to re-activate your account. Failure to comply will result in permanent closure.,1
Final notice: payment failed for your Netflix subscription,security@netflix.verify-762.tk,Congratulations! You have won a prize. To claim your reward send your bank account and routing number or buy a gift card and reply with the code. Act now: http://netflix-secure-login.work/verify,1
Thanks for your help with the budget draft,lena.r@acme.com,"Thank you for your purchase. Your receipt is attached. If you have any questions about the invoice, reply to this email and our team will help.",0
Confirm your identity to avoid account closure,docusign-support@docusign-alerts.top,Attached is an overdue invoice. Please make a wire transfer to the account below as soon as possible. Legal action may follow. Confirm at http://docusign-secure-login.click/verify,1
sprint retro - notes from today's meeting,lena.r@acme.com,"Thank you for your purchase. Your receipt is attached. If you have any questions about the invoice, reply to this email and our team will help.",0
Thanks for your help with the sprint retro,alex.k@contoso.com,"Hi Chen, thanks for joining the call. I have attached the notes for the sprint retro. Let me know if I missed anything and we can discuss it on Monday.",0
Re: Q3 roadmap,chen.m@example.org,"Hello Chen, your order #66746 has shipped and should arrive in three to five business days. You can track it from your account page. Thanks for shopping with us.",0
You have won a DocuSign gift card - claim now,docusign.billing@gmail.com,Your payment failed. Update your billing information immediately to avoid losing access. Log in to http://200.26.73.192/login and confirm your password and credit card details.,1
Your Amazon package could not be delivered,amazon-support@amazon-alerts.icu,Attached is an overdue invoice. Please make a wire transfer to the account below as soon as possible. Legal action may follow. Confirm at http://amazon-secure-login.icu/verify,1
Invoice overdue - immediate payment required,fedex-support@fedex-alerts.work,Your payment failed. Update your billing information immediately to avoid losing access. Log in to http://fedex.account-update.icu/ and confirm your password and credit card details.,1
Lunch on Thursday?,maria.s@northwind.io,"Hey Riya, are you free for lunch on Thursday? There is a new place near the office. Happy to move it if the sprint retro review runs late. Details: https://northwind.io/docs/158",0
design handoff - notes from today's meeting,riya.m@example.org,"Team, here is the weekly update. The design handoff is on track, QA found two minor issues which are already fixed. Please review the document before our sync tomorrow.",0
Final notice: payment failed for your Amazon subscription,amazon-support@amazon-alerts.xyz,"We could not deliver your parcel. Pay a small customs fee at http://amazon-secure-login.tk/verify using your credit card. This offer expires today, respond immediately.",1
Action required: verify your PayPal password,security@paypal.verify-824.click,Your payment failed. Update your billing information immediately to avoid losing access. Log in to http://paypal.account-update.top/ and confirm your password and credit card details.,1
Confirm your identity to avoid account closure,fedex-support@fedex-alerts.icu,Attached is an overdue invoice. Please make a wire transfer to the account below as soon as possible. Legal action may follow. Confirm at http://fedex-secure-login.tk/verify,1
Invoice overdue - immediate payment required,dropbox-support@dropbox-alerts.icu,Your payment failed. Update your billing information immediately to avoid losing access. Log in to http://bit.ly/11jcee and confirm your password and credit card details.,1
Your order has shipped,tom.s@northwind.io,"Team, here is the weekly update. The Q3 roadmap is on track, QA found two minor issues which are already fixed. Please review the document before our sync tomorrow. Details: https://northwind.io/docs/361",0
Receipt for your purchase,omar.k@acme.com,"Hi Alex, I reviewed the Q3 roadmap and left a few comments in the shared document. Overall it looks good. Could you update the numbers before we send it out?",0
Your FedEx package could not be delivered,fedex.billing@gmail.com,Attached is an overdue invoice. Please make a wire transfer to the account below as soon as possible. Legal action may follow. Confirm at http://143.20.12.236/login,1
Action required: verify your Amazon password,amazon-support@amazon-alerts.click,Congratulations! You have won a prize. To claim your reward send your bank account and routing number or buy a gift card and reply with the code. Act now: http://bit.ly/a4jjjd,1
Confirm your identity to avoid account closure,docusign-support@docusign-alerts.xyz,Your payment failed. Update your billing information immediately to avoid losing access. Log in to http://docusign.account-update.tk/ and confirm your password and credit card details.,1
Your Dropbox package could not be delivered,dropbox-support@dropbox-alerts.tk,Final warning: your mailbox is full. Sign in to http://bit.ly/ifffih and enter your password to re-activate your account. Failure to comply will result in permanent closure.,1
Your Apple package could not be delivered,apple-support@apple-alerts.xyz,Attached is an overdue invoice. Please make a wire transfer to the account below as soon as possible. Legal action may follow. Confirm at http://apple-secure-login.xyz/verify,1
Weekly team update,sam.k@example.org,"Hi Lena, I reviewed the onboarding deck and left a few comments in the shared document. Overall it looks good. Could you update the numbers before we send it out?",0
Action required: verify your Apple password,apple-support@apple-alerts.top,Final warning: your mailbox is full. Sign in to http://bit.ly/2f655j and enter your password to re-activate your account. Failure to comply will result in permanent closure.,1
You have won a Chase gift card - claim now,chase.billing@gmail.com,"We could not deliver your parcel. Pay a small customs fee at http://chase.account-update.click/ using your credit card. This offer expires today, respond immediately.",1
Reminder: budget draft review on Friday,jordan.m@example.org,"Hello Alex, your order #25295 has shipped and should arrive in three to five business days. You can track it from your account page. Thanks for shopping with us.",0
Confirm your identity to avoid account closure,fedex-support@fedex-alerts.work,Final warning: your mailbox is full. Sign in to http://132.35.52.189/login and enter your password to re-activate your account. Failure to comply will result in permanent closure.,1
Your order has shipped,riya.s@initech.com,"Hey Sam, are you free for lunch on Thursday? There is a new place near the office. Happy to move it if the Q3 roadmap review runs late.",0
Action required: verify your Netflix password,security@netflix.verify-126.tk,"Dear customer, we detected unusual activity on your Netflix account. Your account will be suspended within 24 hours unless you verify your identity. Click here to verify your account: http://netflix-secure-login.click/verify",1
Urgent: your Dropbox account has been suspended,security@dropbox.verify-867.icu,"We could not deliver your parcel. Pay a small customs fee at http://56.35.24.62/login using your credit card. This offer expires today, respond immediately.",1
Thanks for your help with the release checklist,riya.r@initech.com,"Hello Maria, your order #54064 has shipped and should arrive in three to five business days. You can track it from your account page. Thanks for shopping with us.",0
Urgent: your Dropbox account has been suspended,dropbox.billing@gmail.com,Your payment failed. Update your billing information immediately to avoid losing access. Log in to http://55.107.151.182/login and confirm your password and credit card details.,1
You have won a Netflix gift card - claim now,netflix.billing@gmail.com,"We could not deliver your parcel. Pay a small customs fee at http://bit.ly/626522 using your credit card. This offer expires today, respond immediately.",1
Your Chase package could not be delivered,chase.billing@gmail.com,"Dear customer, we detected unusual activity on your Chase account. Your account will be suspended within 24 hours unless you verify your identity. Click here to verify your account: http://chase.account-update.work/",1
Thanks for your help with the sprint retro,alex.m@example.org,"Hello Tom, your order #39902 has shipped and should arrive in three to five business days. You can track it from your account page. Thanks for shopping with us.",0
Receipt for your purchase,priya.k@initech.com,"Hey Maria, are you free for lunch on Thursday? There is a new place near the office. Happy to move it if the Q3 roadmap review runs late.",0
Q3 roadmap - notes from today's meeting,riya.k@acme.com,"Team, here is the weekly update. The Q3 roadmap is on track, QA found two minor issues which are already fixed. Please review the document before our sync tomorrow.",0
Your order has shipped,omar.k@northwind.io,"Thank you for your purchase. Your receipt is attached. If you have any questions about the invoice, reply to this email and our team will help.",0
You have won a Microsoft gift card - claim now,microsoft.billing@gmail.com,Congratulations! You have won a prize. To claim your reward send your bank account and routing number or buy a gift card and reply with the code. Act now: http://bit.ly/kc5jeh,1
Receipt for your purchase,jordan.k@contoso.com,"Team, here is the weekly update. The onboarding deck is on track, QA found two minor issues which are already fixed. Please review the document before our sync tomorrow.",0
Reminder: sprint retro review on Friday,riya.m@contoso.com,"Hello Jordan, your order #33610 has shipped and should arrive in three to five business days. You can track it from your account page. Thanks for shopping with us.",0
Your PayPal package could not be delivered,paypal.billing@gmail.com,Final warning: your mailbox is full. Sign in to http://215.44.90.204/login and enter your password to re-activate your account. Failure to comply will result in permanent closure.,1
Reminder: design handoff review on Friday,maria.s@contoso.com,"Hi Sam, thanks for joining the call. I have attached the notes for the design handoff. Let me know if I missed anything and we can discuss it on Monday. Details: https://contoso.com/docs/118",0
Urgent: your DocuSign account has been suspended,docusign.billing@gmail.com,Congratulations! You have won a prize. To claim your reward send your bank account and routing number or buy a gift card and reply with the code. Act now: http://docusign.account-update.tk/,1
Lunch on Thursday?,priya.r@example.org,"Thank you for your purchase. Your receipt is attached. If you have any questions about the invoice, reply to this email and our team will help.",0
Invoice overdue - immediate payment required,security@microsoft.verify-969.icu,"We could not deliver your parcel. Pay a small customs fee at http://microsoft-secure-login.work/verify using your credit card. This offer expires today, respond immediately.",1
Reminder: sprint retro review on Friday,riya.r@example.org,"Hi Jordan, I reviewed the sprint retro and left a few comments in the shared document. Overall it looks good. Could you update the numbers before we send it out?",0
Weekly team update,maria.m@initech.com,"Hi Omar, I reviewed the release checklist and left a few comments in the shared document. Overall it looks good. Could you update the numbers before we send it out? Details: https://initech.com/docs/369",0
Reminder: budget draft review on Friday,omar.k@acme.com,"Hi Lena, I reviewed the budget draft and left a few comments in the shared document. Overall it looks good. Could you update the numbers before we send it out? Details: https://acme.com/docs/133",0
Urgent: your LinkedIn account has been suspended,security@linkedin.verify-906.work,Final warning: your mailbox is full. Sign in to http://linkedin.account-update.work/ and enter your password to re-activate your account. Failure to comply will result in permanent closure.,1
Urgent: your Microsoft account has been suspended,security@microsoft.verify-139.click,"We could not deliver your parcel. Pay a small customs fee at http://92.145.60.165/login using your credit card. This offer expires today, respond immediately.",1
Your order has shipped,jordan.m@northwind.io,"Hey Riya, are you free for lunch on Thursday? There is a new place near the office. Happy to move it if the onboarding deck review runs late. Details: https://northwind.io/docs/107",0
Urgent: your Netflix account has been suspended,netflix.billing@gmail.com,Your payment failed. Update your billing information immediately to avoid losing access. Log in to http://netflix-secure-login.tk/verify and confirm your password and credit card details.,1
Lunch on Thursday?,lena.r@initech.com,"Team, here is the weekly update. The onboarding deck is on track, QA found two minor issues which are already fixed. Please review the document before our sync tomorrow.",0
vendor review - notes from today's meeting,omar.k@initech.com,"Hello Maria, your order #15150 has shipped and should arrive in three to five business days. You can track it from your account page. Thanks for shopping with us.",0
Confirm your identity to avoid account closure,security@chase.verify-874.work,"We could not deliver your parcel. Pay a small customs fee at http://chase-secure-login.top/verify using your credit card. This offer expires today, respond immediately.",1
Your Netflix package could not be delivered,netflix-support@netflix-alerts.top,Attached is an overdue invoice. Please make a wire transfer to the account below as soon as possible. Legal action may follow. Confirm at http://bit.ly/a6c4ci,1
Receipt for your purchase,riya.k@example.org,"Hi Lena, I reviewed the sprint retro and left a few comments in the shared document. Overall it looks good. Could you update the numbers before we send it out?",0
Invoice overdue - immediate payment required,security@amazon.verify-815.work,Congratulations! You have won a prize. To claim your reward send your bank account and routing number or buy a gift card and reply with the code. Act now: http://amazon.account-update.xyz/,1
Security alert: unusual sign-in to your Dropbox account,dropbox.billing@gmail.com,"Dear customer, we detected unusual activity on your Dropbox account. Your account will be suspended within 24 hours unless you verify your identity. Click here to verify your account: http://bit.ly/fji5jk",1
Receipt for your purchase,maria.r@northwind.io,"Team, here is the weekly update. The design handoff is on track, QA found two minor issues which are already fixed. Please review the document before our sync tomorrow.",0
Weekly team update,sam.s@northwind.io,"Team, here is the weekly update. The release checklist is on track, QA found two minor issues which are already fixed. Please review the document before our sync tomorrow. Details: https://northwind.io/docs/209",0
design handoff - notes from today's meeting,riya.m@initech.com,"Thank you for your purchase. Your receipt is attached. If you have any questions about the invoice, reply to this email and our team will help. Details: https://initech.com/docs/138",0
Receipt for your purchase,jordan.k@example.org,"Hello Jordan, your order #92394 has shipped and should arrive in three to five business days. You can track it from your account page. Thanks for shopping with us.",0
Reminder: design handoff review on Friday,jordan.k@example.org,"Team, here is the weekly update. The design handoff is on track, QA found two minor issues which are already fixed. Please review the document before our sync tomorrow.",0
You have won a Microsoft gift card - claim now,microsoft.billing@gmail.com,Your payment failed. Update your billing information immediately to avoid losing access. Log in to http://microsoft-secure-login.work/verify and confirm your password and credit card details.,1
Final notice: payment failed for your Amazon subscription,security@amazon.verify-562.icu,Congratulations! You have won a prize. To claim your reward send your bank account and routing number or buy a gift card and reply with the code. Act now: http://amazon.account-update.icu/,1
You have won a LinkedIn gift card - claim now,linkedin-support@linkedin-alerts.icu,Final warning: your mailbox is full. Sign in to http://22.10.99.116/login and enter your password to re-activate your account. Failure to comply will result in permanent closure.,1
Invoice overdue - immediate payment required,microsoft-support@microsoft-alerts.work,"We could not deliver your parcel. Pay a small customs fee at http://bit.ly/bk2cia using your credit card. This offer expires today, respond immediately.",1
Weekly team update,sam.r@acme.com,"Thank you for your purchase. Your receipt is attached. If you have any questions about the invoice, reply to this email and our team will help. Details: https://acme.com/docs/344",0
Receipt for your purchase,maria.r@northwind.io,"Hello Riya, your order #94632 has shipped and should arrive in three to five business days. You can track it from your account page. Thanks for shopping with us.",0
Weekly team update,maria.s@northwind.io,"Hello Maria, your order #32746 has shipped and should arrive in three to five business days. You can track it from your account page. Thanks for shopping with us.",0
Invoice overdue - immediate payment required,fedex.billing@gmail.com,Your payment failed. Update your billing information immediately to avoid losing access. Log in to http://fedex.account-update.click/ and confirm your password and credit card details.,1
Reminder: design handoff review on Friday,chen.m@acme.com,"Hi Tom, I reviewed the design handoff and left a few comments in the shared document. Overall it looks good. Could you update the numbers before we send it out?",0
Urgent: your PayPal account has been suspended,paypal.billing@gmail.com,Your payment failed. Update your billing information immediately to avoid losing access. Log in to http://paypal-secure-login.icu/verify and confirm your password and credit card details.,1
design handoff - notes from today's meeting,sam.m@contoso.com,"Hello Jordan, your order #99898 has shipped and should arrive in three to five business days. You can track it from your account page. Thanks for shopping with us. Details: https://contoso.com/docs/142",0
Invoice overdue - immediate payment required,docusign-support@docusign-alerts.icu,Your payment failed. Update your billing information immediately to avoid losing access. Log in to http://167.232.226.233/login and confirm your password and credit card details.,1
Your order has shipped,alex.r@contoso.com,"Thank you for your purchase. Your receipt is attached. If you have any questions about the invoice, reply to this email and our team will help.",0
Weekly team update,chen.m@contoso.com,"Hi Maria, thanks for joining the call. I have attached the notes for the sprint retro. Let me know if I missed anything and we can discuss it on Monday. Details: https://contoso.com/docs/413",0
Invoice overdue - immediate payment required,paypal.billing@gmail.com,Final warning: your mailbox is full. Sign in to http://bit.ly/3eaa6d and enter your password to re-activate your account. Failure to comply will result in permanent closure.,1
sprint retro - notes from today's meeting,priya.r@contoso.com,"Hi Tom, I reviewed the sprint retro and left a few comments in the shared document. Overall it looks good. Could you update the numbers before we send it out?",0
Re: sprint retro,chen.m@northwind.io,"Team, here is the weekly update. The sprint retro is on track, QA found two minor issues which are already fixed. Please review the document before our sync tomorrow. Details: https://northwind.io/docs/19",0
Invoice overdue - immediate payment required,security@fedex.verify-957.xyz,"Dear customer, we detected unusual activity on your FedEx account. Your account will be suspended within 24 hours unless you verify your identity. Click here to verify your account: http://bit.ly/i5bi36",1
Lunch on Thursday?,priya.s@northwind.io,"Hi Alex, thanks for joining the call. I have attached the notes for the vendor review. Let me know if I missed anything and we can discuss it on Monday.",0
Re: design handoff,alex.s@acme.com,"Hi Tom, I reviewed the design handoff and left a few comments in the shared document. Overall it looks good. Could you update the numbers before we send it out? Details: https://acme.com/docs/261",0
Reminder: design handoff review on Friday,chen.s@northwind.io,"Hi Riya, thanks for joining the call. I have attached the notes for the design handoff. Let me know if I missed anything and we can discuss it on Monday.",0
Urgent: your Dropbox account has been suspended,dropbox.billing@gmail.com,Congratulations! You have won a prize. To claim your reward send your bank account and routing number or buy a gift card and reply with the code. Act now: http://dropbox-secure-login.work/verify,1
Security alert: unusual sign-in to your Chase account,security@chase.verify-638.icu,Your payment failed. Update your billing information immediately to avoid losing access. Log in to http://bit.ly/gg4jkh and confirm your password and credit card details.,1
Confirm your identity to avoid account closure,paypal.billing@gmail.com,Your payment failed. Update your billing information immediately to avoid losing access. Log in to http://paypal-secure-login.icu/verify and confirm your password and credit card details.,1
Receipt for your purchase,maria.k@contoso.com,"Hi Omar, I reviewed the budget draft and left a few comments in the shared document. Overall it looks good. Could you update the numbers before we send it out? Details: https://contoso.com/docs/35",0
Lunch on Thursday?,lena.k@acme.com,"Thank you for your purchase. Your receipt is attached. If you have any questions about the invoice, reply to this email and our team will help.",0
You have won a Dropbox gift card - claim now,security@dropbox.verify-369.work,"We could not deliver your parcel. Pay a small customs fee at http://dropbox.account-update.work/ using your credit card. This offer expires today, respond immediately.",1
Your Chase package could not be delivered,chase.billing@gmail.com,"We could not deliver your parcel. Pay a small customs fee at http://chase-secure-login.xyz/verify using your credit card. This offer expires today, respond immediately.",1
Your Amazon package could not be delivered,security@amazon.verify-796.click,"Dear customer, we detected unusual activity on your Amazon account. Your account will be suspended within 24 hours unless you verify your identity. Click here to verify your account: http://amazon-secure-login.work/verify",1
Thanks for your help with the release checklist,sam.m@initech.com,"Hello Sam, your order #97298 has shipped and should arrive in three to five business days. You can track it from your account page. Thanks for shopping with us.",0
Lunch on Thursday?,lena.m@acme.com,"Team, here is the weekly update. The vendor review is on track, QA found two minor issues which are already fixed. Please review the document before our sync tomorrow. Details: https://acme.com/docs/128",0
Invoice overdue - immediate payment required,chase.billing@gmail.com,"We could not deliver your parcel. Pay a small customs fee at http://175.105.70.230/login using your credit card. This offer expires today, respond immediately.",1
Urgent: your LinkedIn account has been suspended,linkedin-support@linkedin-alerts.click,"We could not deliver your parcel. Pay a small customs fee at http://bit.ly/abcaea using your credit card. This offer expires today, respond immediately.",1
Re: Q3 roadmap,tom.s@contoso.com,"Hi Tom, thanks for joining the call. I have attached the notes for the Q3 roadmap. Let me know if I missed anything and we can discuss it on Monday.",0
Re: budget draft,chen.k@initech.com,"Hi Omar, thanks for joining the call. I have attached the notes for the budget draft. Let me know if I missed anything and we can discuss it on Monday.",0
Security alert: unusual sign-in to your Amazon account,security@amazon.verify-117.work,Your payment failed. Update your billing information immediately to avoid losing access. Log in to http://amazon.account-update.top/ and confirm your password and credit card details.,1
Confirm your identity to avoid account closure,linkedin-support@linkedin-alerts.top,"Dear customer, we detected unusual activity on your LinkedIn account. Your account will be suspended within 24 hours unless you verify your identity. Click here to verify your account: http://linkedin.account-update.tk/",1
Action required: verify your Netflix password,netflix.billing@gmail.com,Attached is an overdue invoice. Please make a wire transfer to the account below as soon as possible. Legal action may follow. Confirm at http://netflix-secure-login.click/verify,1
Urgent: your Chase account has been suspended,chase-support@chase-alerts.click,"We could not deliver your parcel. Pay a small customs fee at http://chase.account-update.tk/ using your credit card. This offer expires today, respond immediately.",1
Reminder: onboarding deck review on Friday,omar.r@initech.com,"Hey Chen, are you free for lunch on Thursday? There is a new place near the office. Happy to move it if the onboarding deck review runs late.",0
Your order has shipped,alex.s@initech.com,"Hello Riya, your order #68867 has shipped and should arrive in three to five business days. You can track it from your account page. Thanks for shopping with us.",0
Your FedEx package could not be delivered,fedex-support@fedex-alerts.work,Attached is an overdue invoice. Please make a wire transfer to the account below as soon as possible. Legal action may follow. Confirm at http://fedex.account-update.top/,1
Invoice overdue - immediate payment required,microsoft-support@microsoft-alerts.work,"We could not deliver your parcel. Pay a small customs fee at http://microsoft-secure-login.work/verify using your credit card. This offer expires today, respond immediately.",1
Your order has shipped,alex.s@initech.com,"Hello Jordan, your order #71632 has shipped and should arrive in three to five business days. You can track it from your account page. Thanks for shopping with us.",0
Receipt for your purchase,jordan.s@northwind.io,"Hi Tom, I reviewed the sprint retro and left a few comments in the shared document. Overall it looks good. Could you update the numbers before we send it out? Details: https://northwind.io/docs/331",0
Urgent: your Amazon account has been suspended,amazon-support@amazon-alerts.icu,Congratulations! You have won a prize. To claim your reward send your bank account and routing number or buy a gift card and reply with the code. Act now: http://amazon.account-update.tk/,1
Confirm your identity to avoid account closure,fedex-support@fedex-alerts.xyz,Attached is an overdue invoice. Please make a wire transfer to the account below as soon as possible. Legal action may follow. Confirm at http://fedex-secure-login.work/verify,1
sprint retro - notes from today's meeting,lena.r@northwind.io,"Team, here is the weekly update. The sprint retro is on track, QA found two minor issues which are already fixed. Please review the document before our sync tomorrow. Details: https://northwind.io/docs/296",0
Your order has shipped,jordan.r@initech.com,"Hello Omar, your order #89142 has shipped and should arrive in three to five business days. You can track it from your account page. Thanks for shopping with us. Details: https://initech.com/docs/247",0
sprint retro - notes from today's meeting,alex.k@contoso.com,"Hey Omar, are you free for lunch on Thursday? There is a new place near the office. Happy to move it if the sprint retro review runs late.",0
Your DocuSign package could not be delivered,docusign.billing@gmail.com,Final warning: your mailbox is full. Sign in to http://docusign.account-update.top/ and enter your password to re-activate your account. Failure to comply will result in permanent closure.,1
Security alert: unusual sign-in to your FedEx account,fedex.billing@gmail.com,"Dear customer, we detected unusual activity on your FedEx account. Your account will be suspended within 24 hours unless you verify your identity. Click here to verify your account: http://93.1.194.8/login",1
Urgent: your Dropbox account has been suspended,dropbox-support@dropbox-alerts.click,Attached is an overdue invoice. Please make a wire transfer to the account below as soon as possible. Legal action may follow. Confirm at http://dropbox.account-update.work/,1
Invoice overdue - immediate payment required,security@apple.verify-903.icu,Final warning: your mailbox is full. Sign in to http://46.192.8.7/login and enter your password to re-activate your account. Failure to comply will result in permanent closure.,1
Final notice: payment failed for your PayPal subscription,paypal.billing@gmail.com,Attached is an overdue invoice. Please make a wire transfer to the account below as soon as possible. Legal action may follow. Confirm at http://151.128.106.54/login,1
Your DocuSign package could not be delivered,security@docusign.verify-314.top,Attached is an overdue invoice. Please make a wire transfer to the account below as soon as possible. Legal action may follow. Confirm at http://bit.ly/6giia2,1
Security alert: unusual sign-in to your Netflix account,netflix-support@netflix-alerts.work,Final warning: your mailbox is full. Sign in to http://109.228.172.89/login and enter your password to re-activate your account. Failure to comply will result in permanent closure.,1
Thanks for your help with the vendor review,omar.k@northwind.io,"Thank you for your purchase. Your receipt is attached. If you have any questions about the invoice, reply to this email and our team will help.",0
Re: Q3 roadmap,chen.m@northwind.io,"Team, here is the weekly update. The Q3 roadmap is on track, QA found two minor issues which are already fixed. Please review the document before our sync tomorrow.",0
You have won a Chase gift card - claim now,chase.billing@gmail.com,"Dear customer, we detected unusual activity on your Chase account. Your account will be suspended within 24 hours unless you verify your identity. Click here to verify your account: http://chase.account-update.click/",1
Action required: verify your Apple password,apple-support@apple-alerts.work,Your payment failed. Update your billing information immediately to avoid losing access. Log in to http://bit.ly/ega5ad and confirm your password and credit card details.,1
Receipt for your purchase,omar.m@acme.com,"Hey Priya, are you free for lunch on Thursday? There is a new place near the office. Happy to move it if the vendor review review runs late.",0
Thanks for your help with the budget draft,riya.m@northwind.io,"Hey Tom, are you free for lunch on Thursday? There is a new place near the office. Happy to move it if the budget draft review runs late.",0
Invoice overdue - immediate payment required,docusign.billing@gmail.com,"We could not deliver your parcel. Pay a small customs fee at http://bit.ly/ik1fkj using your credit card. This offer expires today, respond immediately.",1
Weekly team update,alex.k@northwind.io,"Thank you for your purchase. Your receipt is attached. If you have any questions about the invoice, reply to this email and our team will help. Details: https://northwind.io/docs/217",0
Re: sprint retro,alex.m@example.org,"Hello Omar, your order #93479 has shipped and should arrive in three to five business days. You can track it from your account page. Thanks for shopping with us.",0
You have won a PayPal gift card - claim now,security@paypal.verify-229.icu,"We could not deliver your parcel. Pay a small customs fee at http://paypal-secure-login.click/verify using your credit card. This offer expires today, respond immediately.",1
Final notice: payment failed for your PayPal subscription,paypal-support@paypal-alerts.click,Final warning: your mailbox is full. Sign in to http://paypal.account-update.click/ and enter your password to re-activate your account. Failure to comply will result in permanent closure.,1
Weekly team update,lena.m@contoso.com,"Thank you for your purchase. Your receipt is attached. If you have any questions about the invoice, reply to this email and our team will help.",0
onboarding deck - notes from today's meeting,chen.k@northwind.io,"Hey Riya, are you free for lunch on Thursday? There is a new place near the office. Happy to move it if the onboarding deck review runs late.",0
Final notice: payment failed for your Chase subscription,security@chase.verify-785.tk,Your payment failed. Update your billing information immediately to avoid losing access. Log in to http://chase.account-update.icu/ and confirm your password and credit card details.,1
Reminder: vendor review review on Friday,chen.m@example.org,"Hi Omar, I reviewed the vendor review and left a few comments in the shared document. Overall it looks good. Could you update the numbers before we send it out?",0
Final notice: payment failed for your Microsoft subscription,microsoft-support@microsoft-alerts.work,Congratulations! You have won a prize. To claim your reward send your bank account and routing number or buy a gift card and reply with the code. Act now: http://134.91.96.25/login,1
Thanks for your help with the release checklist,priya.r@contoso.com,"Hi Tom, thanks for joining the call. I have attached the notes for the release checklist. Let me know if I missed anything and we can discuss it on Monday. Details: https://contoso.com/docs/283",0
Your LinkedIn package could not be delivered,linkedin.billing@gmail.com,Attached is an overdue invoice. Please make a wire transfer to the account below as soon as possible. Legal action may follow. Confirm at http://bit.ly/d325i4,1
Confirm your identity to avoid account closure,security@amazon.verify-959.icu,Congratulations! You have won a prize. To claim your reward send your bank account and routing number or buy a gift card and reply with the code. Act now: http://amazon-secure-login.click/verify,1
Invoice overdue - immediate payment required,fedex-support@fedex-alerts.xyz,Your payment failed. Update your billing information immediately to avoid losing access. Log in to http://fedex.account-update.click/ and confirm your password and credit card details.,1
Thanks for your help with the sprint retro,riya.r@contoso.com,"Hi Maria, thanks for joining the call. I have attached the notes for the sprint retro. Let me know if I missed anything and we can discuss it on Monday.",0
Confirm your identity to avoid account closure,fedex-support@fedex-alerts.icu,Final warning: your mailbox is full. Sign in to http://fedex-secure-login.click/verify and enter your password to re-activate your account. Failure to comply will result in permanent closure.,1
Action required: verify your FedEx password,security@fedex.verify-236.icu,Final warning: your mailbox is full. Sign in to http://fedex-secure-login.tk/verify and enter your password to re-activate your account. Failure to comply will result in permanent closure.,1
Action required: verify your PayPal password,paypal.billing@gmail.com,Your payment failed. Update your billing information immediately to avoid losing access. Log in to http://bit.ly/55gjcg and confirm your password and credit card details.,1
Final notice: payment failed for your DocuSign subscription,docusign-support@docusign-alerts.work,Your payment failed. Update your billing information immediately to avoid losing access. Log in to http://75.98.106.26/login and confirm your password and credit card details.,1
Lunch on Thursday?,alex.s@example.org,"Hi Riya, I reviewed the onboarding deck and left a few comments in the shared document. Overall it looks good. Could you update the numbers before we send it out?",0
design handoff - notes from today's meeting,jordan.r@initech.com,"Hello Omar, your order #36249 has shipped and should arrive in three to five business days. You can track it from your account page. Thanks for shopping with us.",0
design handoff - notes from today's meeting,chen.k@northwind.io,"Hello Priya, your order #64784 has shipped and should arrive in three to five business days. You can track it from your account page. Thanks for shopping with us. Details: https://northwind.io/docs/435",0
release checklist - notes from today's meeting,priya.r@example.org,"Hey Riya, are you free for lunch on Thursday? There is a new place near the office. Happy to move it if the release checklist review runs late. Details: https://example.org/docs/390",0
Confirm your identity to avoid account closure,paypal-support@paypal-alerts.top,"Dear customer, we detected unusual activity on your PayPal account. Your account will be suspended within 24 hours unless you verify your identity. Click here to verify your account: http://125.76.195.60/login",1
Security alert: unusual sign-in to your Netflix account,security@netflix.verify-518.top,Your payment failed. Update your billing information immediately to avoid losing access. Log in to http://netflix.account-update.click/ and confirm your password and credit card details.,1
Lunch on Thursday?,sam.s@northwind.io,"Team, here is the weekly update. The budget draft is on track, QA found two minor issues which are already fixed. Please review the document before our sync tomorrow. Details: https://northwind.io/docs/305",0
Confirm your identity to avoid account closure,security@dropbox.verify-505.tk,Final warning: your mailbox is full. Sign in to http://14.204.204.115/login and enter your password to re-activate your account. Failure to comply will result in permanent closure.,1
Your order has shipped,priya.m@contoso.com,"Thank you for your purchase. Your receipt is attached. If you have any questions about the invoice, reply to this email and our team will help.",0
Confirm your identity to avoid account closure,security@docusign.verify-794.tk,Congratulations! You have won a prize. To claim your reward send your bank account and routing number or buy a gift card and reply with the code. Act now: http://bit.ly/11bh4e,1
Re: onboarding deck,lena.r@initech.com,"Hey Priya, are you free for lunch on Thursday? There is a new place near the office. Happy to move it if the onboarding deck review runs late.",0
Thanks for your help with the sprint retro,chen.r@northwind.io,"Thank you for your purchase. Your receipt is attached. If you have any questions about the invoice, reply to this email and our team will help.",0
Confirm your identity to avoid account closure,security@netflix.verify-634.work,Attached is an overdue invoice. Please make a wire transfer to the account below as soon as possible. Legal action may follow. Confirm at http://24.84.180.33/login,1
Final notice: payment failed for your FedEx subscription,fedex.billing@gmail.com,Attached is an overdue invoice. Please make a wire transfer to the account below as soon as possible. Legal action may follow. Confirm at http://fedex-secure-login.click/verify,1
Reminder: release checklist review on Friday,lena.s@example.org,"Thank you for your purchase. Your receipt is attached. If you have any questions about the invoice, reply to this email and our team will help.",0
Your order has shipped,sam.m@northwind.io,"Team, here is the weekly update. The budget draft is on track, QA found two minor issues which are already fixed. Please review the document before our sync tomorrow.",0
Urgent: your DocuSign account has been suspended,security@docusign.verify-857.tk,"Dear customer, we detected unusual activity on your DocuSign account. Your account will be suspended within 24 hours unless you verify your identity. Click here to verify your account: http://docusign-secure-login.icu/verify",1
Action required: verify your PayPal password,paypal-support@paypal-alerts.top,"Dear customer, we detected unusual activity on your PayPal account. Your account will be suspended within 24 hours unless you verify your identity. Click here to verify your account: http://paypal-secure-login.tk/verify",1
Weekly team update,lena.r@northwind.io,"Hey Riya, are you free for lunch on Thursday? There is a new place near the office. Happy to move it if the budget draft review runs late. Details: https://northwind.io/docs/276",0
Your FedEx package could not be delivered,security@fedex.verify-414.top,Attached is an overdue invoice. Please make a wire transfer to the account below as soon as possible. Legal action may follow. Confirm at http://bit.ly/5i16f6,1
Invoice overdue - immediate payment required,security@dropbox.verify-278.tk,"Dear customer, we detected unusual activity on your Dropbox account. Your account will be suspended within 24 hours unless you verify your identity. Click here to verify your account: http://bit.ly/a26251",1
Invoice overdue - immediate payment required,docusign.billing@gmail.com,Your payment failed. Update your billing information immediately to avoid losing access. Log in to http://docusign-secure-login.click/verify and confirm your password and credit card details.,1
Weekly team update,maria.r@initech.com,"Hi Alex, thanks for joining the call. I have attached the notes for the onboarding deck. Let me know if I missed anything and we can discuss it on Monday.",0
Your order has shipped,alex.s@contoso.com,"Hi Omar, thanks for joining the call. I have attached the notes for the design handoff. Let me know if I missed anything and we can discuss it on Monday. Details: https://contoso.com/docs/222",0
Invoice overdue - immediate payment required,fedex.billing@gmail.com,Your payment failed. Update your billing information immediately to avoid losing access. Log in to http://76.234.150.176/login and confirm your password and credit card details.,1
Re: sprint retro,omar.m@example.org,"Team, here is the weekly update. The sprint retro is on track, QA found two minor issues which are already fixed. Please review the document before our sync tomorrow.",0
Your order has shipped,maria.k@example.org,"Hey Sam, are you free for lunch on Thursday? There is a new place near the office. Happy to move it if the release checklist review runs late.",0
Reminder: vendor review review on Friday,omar.k@example.org,"Hey Priya, are you free for lunch on Thursday? There is a new place near the office. Happy to move it if the vendor review review runs late.",0
Receipt for your purchase,chen.r@northwind.io,"Hey Jordan, are you free for lunch on Thursday? There is a new place near the office. Happy to move it if the Q3 roadmap review runs late. Details: https://northwind.io/docs/372",0
Action required: verify your Chase password,chase.billing@gmail.com,Attached is an overdue invoice. Please make a wire transfer to the account below as soon as possible. Legal action may follow. Confirm at http://bit.ly/ifaifb,1
Receipt for your purchase,jordan.k@northwind.io,"Hey Riya, are you free for lunch on Thursday? There is a new place near the office. Happy to move it if the design handoff review runs late.",0
Weekly team update,maria.r@contoso.com,"Hi Sam, I reviewed the sprint retro and left a few comments in the shared document. Overall it looks good. Could you update the numbers before we send it out?",0
Your order has shipped,lena.s@northwind.io,"Thank you for your purchase. Your receipt is attached. If you have any questions about the invoice, reply to this email and our team will help.",0
Your order has shipped,jordan.s@northwind.io,"Hey Lena, are you free for lunch on Thursday? There is a new place near the office. Happy to move it if the Q3 roadmap review runs late.",0
You have won a LinkedIn gift card - claim now,security@linkedin.verify-151.top,Congratulations! You have won a prize. To claim your reward send your bank account and routing number or buy a gift card and reply with the code. Act now: http://linkedin-secure-login.xyz/verify,1
Your PayPal package could not be delivered,paypal-support@paypal-alerts.click,"Dear customer, we detected unusual activity on your PayPal account. Your account will be suspended within 24 hours unless you verify your identity. Click here to verify your account: http://paypal.account-update.work/",1
Your order has shipped,sam.r@acme.com,"Team, here is the weekly update. The release checklist is on track, QA found two minor issues which are already fixed. Please review the document before our sync tomorrow.",0
Action required: verify your Amazon password,security@amazon.verify-564.xyz,Your payment failed. Update your billing information immediately to avoid losing access. Log in to http://bit.ly/25b4fh and confirm your password and credit card details.,1
Re: vendor review,alex.s@acme.com,"Team, here is the weekly update. The vendor review is on track, QA found two minor issues which are already fixed. Please review the document before our sync tomorrow.",0
Reminder: onboarding deck review on Friday,alex.k@example.org,"Hi Priya, I reviewed the onboarding deck and left a few comments in the shared document. Overall it looks good. Could you update the numbers before we send it out?",0
Thanks for your help with the Q3 roadmap,priya.s@initech.com,"Hi Tom, I reviewed the Q3 roadmap and left a few comments in the shared document. Overall it looks good. Could you update the numbers before we send it out?",0
Urgent: your Chase account has been suspended,chase.billing@gmail.com,Final warning: your mailbox is full. Sign in to http://bit.ly/4j2j1g and enter your password to re-activate your account. Failure to comply will result in permanent closure.,1
Receipt for your purchase,sam.r@initech.com,"Thank you for your purchase. Your receipt is attached. If you have any questions about the invoice, reply to this email and our team will help.",0
You have won a LinkedIn gift card - claim now,security@linkedin.verify-536.work,"Dear customer, we detected unusual activity on your LinkedIn account. Your account will be suspended within 24 hours unless you verify your identity. Click here to verify your account: http://linkedin-secure-login.click/verify",1
Final notice: payment failed for your Microsoft subscription,security@microsoft.verify-273.icu,"Dear customer, we detected unusual activity on your Microsoft account. Your account will be suspended within 24 hours unless you verify your identity. Click here to verify your account: http://163.87.58.60/login",1
Invoice overdue - immediate payment required,security@docusign.verify-683.work,"Dear customer, we detected unusual activity on your DocuSign account. Your account will be suspended within 24 hours unless you verify your identity. Click here to verify your account: http://208.203.147.88/login",1
Receipt for your purchase,lena.m@northwind.io,"Hey Priya, are you free for lunch on Thursday? There is a new place near the office. Happy to move it if the budget draft review runs late. Details: https://northwind.io/docs/18",0
Your Apple package could not be delivered,apple-support@apple-alerts.work,Congratulations! You have won a prize. To claim your reward send your bank account and routing number or buy a gift card and reply with the code. Act now: http://apple-secure-login.tk/verify,1
You have won a PayPal gift card - claim now,paypal-support@paypal-alerts.work,Final warning: your mailbox is full. Sign in to http://166.135.228.172/login and enter your password to re-activate your account. Failure to comply will result in permanent closure.,1
Urgent: your Microsoft account has been suspended,security@microsoft.verify-845.work,Attached is an overdue invoice. Please make a wire transfer to the account below as soon as possible. Legal action may follow. Confirm at http://169.45.208.30/login,1
Lunch on Thursday?,tom.r@contoso.com,"Thank you for your purchase. Your receipt is attached. If you have any questions about the invoice, reply to this email and our team will help.",0
Re: Q3 roadmap,alex.s@northwind.io,"Thank you for your purchase. Your receipt is attached. If you have any questions about the invoice, reply to this email and our team will help.",0
Invoice overdue - immediate payment required,security@docusign.verify-981.click,"We could not deliver your parcel. Pay a small customs fee at http://121.209.127.34/login using your credit card. This offer expires today, respond immediately.",1
Thanks for your help with the budget draft,chen.m@example.org,"Hello Maria, your order #91624 has shipped and should arrive in three to five business days. You can track it from your account page. Thanks for shopping with us.",0
Reminder: sprint retro review on Friday,alex.r@northwind.io,"Hi Tom, I reviewed the sprint retro and left a few comments in the shared document. Overall it looks good. Could you update the numbers before we send it out? Details: https://northwind.io/docs/404",0
Your order has shipped,priya.m@initech.com,"Hello Omar, your order #58819 has shipped and should arrive in three to five business days. You can track it from your account page. Thanks for shopping with us.",0
Q3 roadmap - notes from today's meeting,alex.k@northwind.io,"Thank you for your purchase. Your receipt is attached. If you have any questions about the invoice, reply to this email and our team will help.",0
Weekly team update,priya.k@northwind.io,"Team, here is the weekly update. The design handoff is on track, QA found two minor issues which are already fixed. Please review the document before our sync tomorrow.",0
You have won a Dropbox gift card - claim now,dropbox-support@dropbox-alerts.click,Final warning: your mailbox is full. Sign in to http://dropbox.account-update.xyz/ and enter your password to re-activate your account. Failure to comply will result in permanent closure.,1
Thanks for your help with the sprint retro,chen.r@initech.com,"Hey Jordan, are you free for lunch on Thursday? There is a new place near the office. Happy to move it if the sprint retro review runs late.",0
Confirm your identity to avoid account closure,netflix-support@netflix-alerts.icu,Final warning: your mailbox is full. Sign in to http://116.119.183.186/login and enter your password to re-activate your account. Failure to comply will result in permanent closure.,1
You have won a DocuSign gift card - claim now,docusign-support@docusign-alerts.xyz,Attached is an overdue invoice. Please make a wire transfer to the account below as soon as possible. Legal action may follow. Confirm at http://bit.ly/ice5kk,1
Invoice overdue - immediate payment required,microsoft.billing@gmail.com,Final warning: your mailbox is full. Sign in to http://microsoft-secure-login.click/verify and enter your password to re-activate your account. Failure to comply will result in permanent closure.,1
Urgent: your LinkedIn account has been suspended,linkedin-support@linkedin-alerts.tk,Attached is an overdue invoice. Please make a wire transfer to the account below as soon as possible. Legal action may follow. Confirm at http://linkedin-secure-login.icu/verify,1
Action required: verify your Microsoft password,microsoft-support@microsoft-alerts.click,Congratulations! You have won a prize. To claim your reward send your bank account and routing number or buy a gift card and reply with the code. Act now: http://214.18.170.157/login,1
vendor review - notes from today's meeting,sam.s@northwind.io,"Hello Alex, your order #95509 has shipped and should arrive in three to five business days. You can track it from your account page. Thanks for shopping with us.",0
Invoice overdue - immediate payment required,apple-support@apple-alerts.tk,"We could not deliver your parcel. Pay a small customs fee at http://bit.ly/2d36f3 using your credit card. This offer expires today, respond immediately.",1
Re: design handoff,jordan.k@example.org,"Hello Jordan, your order #32081 has shipped and should arrive in three to five business days. You can track it from your account page. Thanks for shopping with us.",0
Lunch on Thursday?,jordan.r@initech.com,"Hi Jordan, thanks for joining the call. I have attached the notes for the onboarding deck. Let me know if I missed anything and we can discuss it on Monday.",0
Your order has shipped,jordan.k@contoso.com,"Hey Priya, are you free for lunch on Thursday? There is a new place near the office. Happy to move it if the design handoff review runs late.",0
Thanks for your help with the Q3 roadmap,omar.k@example.org,"Hello Riya, your order #80215 has shipped and should arrive in three to five business days. You can track it from your account page. Thanks for shopping with us.",0
Invoice overdue - immediate payment required,docusign.billing@gmail.com,Congratulations! You have won a prize. To claim your reward send your bank account and routing number or buy a gift card and reply with the code. Act now: http://docusign-secure-login.xyz/verify,1
Lunch on Thursday?,riya.k@contoso.com,"Team, here is the weekly update. The Q3 roadmap is on track, QA found two minor issues which are already fixed. Please review the document before our sync tomorrow.",0
Final notice: payment failed for your Microsoft subscription,security@microsoft.verify-120.work,Your payment failed. Update your billing information immediately to avoid losing access. Log in to http://170.39.221.97/login and confirm your password and credit card details.,1
Weekly team update,tom.r@acme.com,"Hi Maria, I reviewed the design handoff and left a few comments in the shared document. Overall it looks good. Could you update the numbers before we send it out?",0
Final notice: payment failed for your Apple subscription,security@apple.verify-959.tk,Final warning: your mailbox is full. Sign in to http://113.163.244.87/login and enter your password to re-activate your account. Failure to comply will result in permanent closure.,1
Lunch on Thursday?,alex.r@initech.com,"Hi Lena, thanks for joining the call. I have attached the notes for the release checklist. Let me know if I missed anything and we can discuss it on Monday.",0
Urgent: your Dropbox account has been suspended,dropbox-support@dropbox-alerts.work,"We could not deliver your parcel. Pay a small customs fee at http://113.125.183.109/login using your credit card. This offer expires today, respond immediately.",1
Thanks for your help with the sprint retro,alex.r@initech.com,"Team, here is the weekly update. The sprint retro is on track, QA found two minor issues which are already fixed. Please review the document before our sync tomorrow.",0
Final notice: payment failed for your Microsoft subscription,security@microsoft.verify-436.tk,"Dear customer, we detected unusual activity on your Microsoft account. Your account will be suspended within 24 hours unless you verify your identity. Click here to verify your account: http://bit.ly/6k1ade",1
Thanks for your help with the sprint retro,omar.k@northwind.io,"Hey Jordan, are you free for lunch on Thursday? There is a new place near the office. Happy to move it if the sprint retro review runs late.",0
Receipt for your purchase,omar.r@contoso.com,"Team, here is the weekly update. The sprint retro is on track, QA found two minor issues which are already fixed. Please review the document before our sync tomorrow.",0
Your order has shipped,tom.k@contoso.com,"Thank you for your purchase. Your receipt is attached. If you have any questions about the invoice, reply to this email and our team will help.",0
Lunch on Thursday?,riya.m@acme.com,"Hi Tom, thanks for joining the call. I have attached the notes for the sprint retro. Let me know if I missed anything and we can discuss it on Monday.",0
Reminder: onboarding deck review on Friday,alex.k@example.org,"Team, here is the weekly update. The onboarding deck is on track, QA found two minor issues which are already fixed. Please review the document before our sync tomorrow.",0
Thanks for your help with the release checklist,priya.m@example.org,"Hello Priya, your order #38737 has shipped and should arrive in three to five business days. You can track it from your account page. Thanks for shopping with us.",0
Final notice: payment failed for your PayPal subscription,paypal.billing@gmail.com,Attached is an overdue invoice. Please make a wire transfer to the account below as soon as possible. Legal action may follow. Confirm at http://paypal-secure-login.top/verify,1
Action required: verify your PayPal password,paypal-support@paypal-alerts.top,"We could not deliver your parcel. Pay a small customs fee at http://120.160.137.168/login using your credit card. This offer expires today, respond immediately.",1
Security alert: unusual sign-in to your Netflix account,security@netflix.verify-802.click,Congratulations! You have won a prize. To claim your reward send your bank account and routing number or buy a gift card and reply with the code. Act now: http://netflix-secure-login.tk/verify,1
Action required: verify your PayPal password,security@paypal.verify-252.work,"We could not deliver your parcel. Pay a small customs fee at http://paypal-secure-login.top/verify using your credit card. This offer expires today, respond immediately.",1
Re: release checklist,riya.k@initech.com,"Hi Alex, thanks for joining the call. I have attached the notes for the release checklist. Let me know if I missed anything and we can discuss it on Monday.",0
Invoice overdue - immediate payment required,security@chase.verify-690.tk,Attached is an overdue invoice. Please make a wire transfer to the account below as soon as possible. Legal action may follow. Confirm at http://chase.account-update.tk/,1
Re: release checklist,tom.s@contoso.com,"Hey Maria, are you free for lunch on Thursday? There is a new place near the office. Happy to move it if the release checklist review runs late.",0
Urgent: your Microsoft account has been suspended,security@microsoft.verify-604.tk,Congratulations! You have won a prize. To claim your reward send your bank account and routing number or buy a gift card and reply with the code. Act now: http://microsoft-secure-login.tk/verify,1
Your order has shipped,tom.r@acme.com,"Hello Alex, your order #12428 has shipped and should arrive in three to five business days. You can track it from your account page. Thanks for shopping with us. Details: https://acme.com/docs/135",0
Thanks for your help with the budget draft,priya.r@example.org,"Hi Riya, I reviewed the budget draft and left a few comments in the shared document. Overall it looks good. Could you update the numbers before we send it out? Details: https://example.org/docs/6",0
Urgent: your Netflix account has been suspended,netflix-support@netflix-alerts.top,"Dear customer, we detected unusual activity on your Netflix account. Your account will be suspended within 24 hours unless you verify your identity. Click here to verify your account: http://74.106.234.229/login",1
Final notice: payment failed for your Dropbox subscription,dropbox.billing@gmail.com,Final warning: your mailbox is full. Sign in to http://bit.ly/ecg6jh and enter your password to re-activate your account. Failure to comply will result in permanent closure.,1
Urgent: your Dropbox account has been suspended,security@dropbox.verify-554.xyz,Congratulations! You have won a prize. To claim your reward send your bank account and routing number or buy a gift card and reply with the code. Act now: http://dropbox-secure-login.icu/verify,1
Security alert: unusual sign-in to your FedEx account,security@fedex.verify-134.tk,Congratulations! You have won a prize. To claim your reward send your bank account and routing number or buy a gift card and reply with the code. Act now: http://bit.ly/bjikc2,1
Weekly team update,alex.r@northwind.io,"Hi Priya, thanks for joining the call. I have attached the notes for the design handoff. Let me know if I missed anything and we can discuss it on Monday.",0
You have won a PayPal gift card - claim now,paypal-support@paypal-alerts.top,"Dear customer, we detected unusual activity on your PayPal account. Your account will be suspended within 24 hours unless you verify your identity. Click here to verify your account: http://paypal-secure-login.xyz/verify",1
Reminder: release checklist review on Friday,tom.s@contoso.com,"Thank you for your purchase. Your receipt is attached. If you have any questions about the invoice, reply to this email and our team will help.",0
Re: sprint retro,omar.m@contoso.com,"Thank you for your purchase. Your receipt is attached. If you have any questions about the invoice, reply to this email and our team will help.",0
Lunch on Thursday?,riya.m@example.org,"Hey Omar, are you free for lunch on Thursday? There is a new place near the office. Happy to move it if the Q3 roadmap review runs late.",0
Your order has shipped,riya.k@contoso.com,"Hi Lena, thanks for joining the call. I have attached the notes for the onboarding deck. Let me know if I missed anything and we can discuss it on Monday. Details: https://contoso.com/docs/147",0
Invoice overdue - immediate payment required,docusign.billing@gmail.com,Congratulations! You have won a prize. To claim your reward send your bank account and routing number or buy a gift card and reply with the code. Act now: http://21.128.140.121/login,1
Confirm your identity to avoid account closure,microsoft.billing@gmail.com,Final warning: your mailbox is full. Sign in to http://35.28.80.139/login and enter your password to re-activate your account. Failure to comply will result in permanent closure.,1
Final notice: payment failed for your FedEx subscription,fedex-support@fedex-alerts.icu,Congratulations! You have won a prize. To claim your reward send your bank account and routing number or buy a gift card and reply with the code. Act now: http://fedex-secure-login.click/verify,1
Lunch on Thursday?,jordan.m@acme.com,"Hi Sam, I reviewed the design handoff and left a few comments in the shared document. Overall it looks good. Could you update the numbers before we send it out? Details: https://acme.com/docs/468",0
Invoice overdue - immediate payment required,netflix.billing@gmail.com,Congratulations! You have won a prize. To claim your reward send your bank account and routing number or buy a gift card and reply with the code. Act now: http://44.206.112.149/login,1
Final notice: payment failed for your DocuSign subscription,docusign-support@docusign-alerts.click,Attached is an overdue invoice. Please make a wire transfer to the account below as soon as possible. Legal action may follow. Confirm at http://docusign-secure-login.top/verify,1
Weekly team update,riya.k@contoso.com,"Hey Tom, are you free for lunch on Thursday? There is a new place near the office. Happy to move it if the design handoff review runs late.",0
Your order has shipped,jordan.m@contoso.com,"Hi Sam, thanks for joining the call. I have attached the notes for the release checklist. Let me know if I missed anything and we can discuss it on Monday.",0
Reminder: design handoff review on Friday,alex.r@contoso.com,"Thank you for your purchase. Your receipt is attached. If you have any questions about the invoice, reply to this email and our team will help.",0
Receipt for your purchase,riya.s@acme.com,"Hey Jordan, are you free for lunch on Thursday? There is a new place near the office. Happy to move it if the Q3 roadmap review runs late.",0
Action required: verify your Amazon password,security@amazon.verify-180.top,"We could not deliver your parcel. Pay a small customs fee at http://219.53.240.22/login using your credit card. This offer expires today, respond immediately.",1
Weekly team update,jordan.r@acme.com,"Hey Maria, are you free for lunch on Thursday? There is a new place near the office. Happy to move it if the vendor review review runs late.",0
Receipt for your purchase,chen.r@acme.com,"Thank you for your purchase. Your receipt is attached. If you have any questions about the invoice, reply to this email and our team will help.",0
Your order has shipped,alex.m@initech.com,"Hello Sam, your order #40947 has shipped and should arrive in three to five business days. You can track it from your account page. Thanks for shopping with us.",0
Your Apple package could not be delivered,apple.billing@gmail.com,"Dear customer, we detected unusual activity on your Apple account. Your account will be suspended within 24 hours unless you verify your identity. Click here to verify your account: http://bit.ly/6f5c46",1
You have won a Chase gift card - claim now,security@chase.verify-896.click,"We could not deliver your parcel. Pay a small customs fee at http://135.72.197.229/login using your credit card. This offer expires today, respond immediately.",1
Lunch on Thursday?,alex.r@initech.com,"Thank you for your purchase. Your receipt is attached. If you have any questions about the invoice, reply to this email and our team will help.",0
Action required: verify your Chase password,chase-support@chase-alerts.tk,"Dear customer, we detected unusual activity on your Chase account. Your account will be suspended within 24 hours unless you verify your identity. Click here to verify your account: http://bit.ly/2ajhaf",1
Your order has shipped,riya.r@contoso.com,"Hi Omar, thanks for joining the call. I have attached the notes for the Q3 roadmap. Let me know if I missed anything and we can discuss it on Monday.",0
Security alert: unusual sign-in to your PayPal account,paypal.billing@gmail.com,Congratulations! You have won a prize. To claim your reward send your bank account and routing number or buy a gift card and reply with the code. Act now: http://154.132.190.133/login,1
Reminder: sprint retro review on Friday,lena.k@acme.com,"Hello Sam, your order #81322 has shipped and should arrive in three to five business days. You can track it from your account page. Thanks for shopping with us.",0
Re: design handoff,omar.r@northwind.io,"Hi Alex, thanks for joining the call. I have attached the notes for the design handoff. Let me know if I missed anything and we can discuss it on Monday.",0
Receipt for your purchase,priya.m@acme.com,"Hello Alex, your order #10629 has shipped and should arrive in three to five business days. You can track it from your account page. Thanks for shopping with us.",0
You have won a Dropbox gift card - claim now,dropbox-support@dropbox-alerts.top,Final warning: your mailbox is full. Sign in to http://dropbox-secure-login.top/verify and enter your password to re-activate your account. Failure to comply will result in permanent closure.,1
You have won a Chase gift card - claim now,security@chase.verify-326.xyz,Final warning: your mailbox is full. Sign in to http://95.57.208.208/login and enter your password to re-activate your account. Failure to comply will result in permanent closure.,1
Your order has shipped,tom.r@initech.com,"Team, here is the weekly update. The design handoff is on track, QA found two minor issues which are already fixed. Please review the document before our sync tomorrow.",0
Weekly team update,maria.k@northwind.io,"Hey Alex, are you free for lunch on Thursday? There is a new place near the office. Happy to move it if the budget draft review runs late.",0
You have won a Apple gift card - claim now,apple.billing@gmail.com,Your payment failed. Update your billing information immediately to avoid losing access. Log in to http://bit.ly/526hc4 and confirm your password and credit card details.,1
Reminder: budget draft review on Friday,tom.r@contoso.com,"Hi Alex, I reviewed the budget draft and left a few comments in the shared document. Overall it looks good. Could you update the numbers before we send it out?",0
Your Amazon package could not be delivered,amazon.billing@gmail.com,Your payment failed. Update your billing information immediately to avoid losing access. Log in to http://bit.ly/ibjj2i and confirm your password and credit card details.,1
Receipt for your purchase,maria.r@contoso.com,"Hello Alex, your order #33754 has shipped and should arrive in three to five business days. You can track it from your account page. Thanks for shopping with us.",0
You have won a FedEx gift card - claim now,fedex.billing@gmail.com,Attached is an overdue invoice. Please make a wire transfer to the account below as soon as possible. Legal action may follow. Confirm at http://bit.ly/f14c6j,1
Action required: verify your Apple password,apple-support@apple-alerts.click,"Dear customer, we detected unusual activity on your Apple account. Your account will be suspended within 24 hours unless you verify your identity. Click here to verify your account: http://apple-secure-login.xyz/verify",1
You have won a DocuSign gift card - claim now,docusign.billing@gmail.com,Your payment failed. Update your billing information immediately to avoid losing access. Log in to http://165.177.67.155/login and confirm your password and credit card details.,1
Action required: verify your Dropbox password,security@dropbox.verify-367.click,Final warning: your mailbox is full. Sign in to http://204.108.147.14/login and enter your password to re-activate your account. Failure to comply will result in permanent closure.,1
Weekly team update,maria.s@initech.com,"Hello Alex, your order #28820 has shipped and should arrive in three to five business days. You can track it from your account page. Thanks for shopping with us.",0
Urgent: your Apple account has been suspended,apple-support@apple-alerts.xyz,Attached is an overdue invoice. Please make a wire transfer to the account below as soon as possible. Legal action may follow. Confirm at http://apple-secure-login.xyz/verify,1
Receipt for your purchase,jordan.m@northwind.io,"Hi Jordan, I reviewed the budget draft and left a few comments in the shared document. Overall it looks good. Could you update the numbers before we send it out?",0
Your FedEx package could not be delivered,security@fedex.verify-476.xyz,Final warning: your mailbox is full. Sign in to http://fedex.account-update.top/ and enter your password to re-activate your account. Failure to comply will result in permanent closure.,1
Urgent: your Netflix account has been suspended,netflix-support@netflix-alerts.click,Congratulations! You have won a prize. To claim your reward send your bank account and routing number or buy a gift card and reply with the code. Act now: http://netflix-secure-login.icu/verify,1
Your order has shipped,chen.k@example.org,"Team, here is the weekly update. The sprint retro is on track, QA found two minor issues which are already fixed. Please review the document before our sync tomorrow.",0
Confirm your identity to avoid account closure,chase-support@chase-alerts.tk,Your payment failed. Update your billing information immediately to avoid losing access. Log in to http://chase-secure-login.tk/verify and confirm your password and credit card details.,1
Your Apple package could not be delivered,apple.billing@gmail.com,Congratulations! You have won a prize. To claim your reward send your bank account and routing number or buy a gift card and reply with the code. Act now: http://apple.account-update.tk/,1
Invoice overdue - immediate payment required,netflix-support@netflix-alerts.top,Attached is an overdue invoice. Please make a wire transfer to the account below as soon as possible. Legal action may follow. Confirm at http://206.224.131.144/login,1
Action required: verify your FedEx password,fedex.billing@gmail.com,Your payment failed. Update your billing information immediately to avoid losing access. Log in to http://88.102.216.26/login and confirm your password and credit card details.,1
Lunch on Thursday?,lena.s@acme.com,"Hey Omar, are you free for lunch on Thursday? There is a new place near the office. Happy to move it if the Q3 roadmap review runs late.",0
Final notice: payment failed for your Apple subscription,security@apple.verify-796.work,"Dear customer, we detected unusual activity on your Apple account. Your account will be suspended within 24 hours unless you verify your identity. Click here to verify your account: http://apple.account-update.xyz/",1
Confirm your identity to avoid account closure,security@apple.verify-946.click,Final warning: your mailbox is full. Sign in to http://bit.ly/1461b1 and enter your password to re-activate your account. Failure to comply will result in permanent closure.,1
Your Dropbox package could not be delivered,dropbox-support@dropbox-alerts.top,Congratulations! You have won a prize. To claim your reward send your bank account and routing number or buy a gift card and reply with the code. Act now: http://bit.ly/afaa6g,1
Re: Q3 roadmap,alex.s@northwind.io,"Thank you for your purchase. Your receipt is attached. If you have any questions about the invoice, reply to this email and our team will help.",0
Invoice overdue - immediate payment required,dropbox.billing@gmail.com,Final warning: your mailbox is full. Sign in to http://bit.ly/jd3fh6 and enter your password to re-activate your account. Failure to comply will result in permanent closure.,1
Thanks for your help with the vendor review,priya.s@example.org,"Hello Riya, your order #77815 has shipped and should arrive in three to five business days. You can track it from your account page. Thanks for shopping with us.",0
Your order has shipped,tom.k@northwind.io,"Team, here is the weekly update. The onboarding deck is on track, QA found two minor issues which are already fixed. Please review the document before our sync tomorrow.",0
Lunch on Thursday?,omar.r@initech.com,"Hello Chen, your order #75398 has shipped and should arrive in three to five business days. You can track it from your account page. Thanks for shopping with us.",0
Receipt for your purchase,maria.k@acme.com,"Team, here is the weekly update. The Q3 roadmap is on track, QA found two minor issues which are already fixed. Please review the document before our sync tomorrow.",0
Invoice overdue - immediate payment required,security@apple.verify-927.icu,"Dear customer, we detected unusual activity on your Apple account. Your account will be suspended within 24 hours unless you verify your identity. Click here to verify your account: http://bit.ly/igaaee",1
Action required: verify your FedEx password,fedex-support@fedex-alerts.icu,Your payment failed. Update your billing information immediately to avoid losing access. Log in to http://fedex.account-update.top/ and confirm your password and credit card details.,1
Your Chase package could not be delivered,chase.billing@gmail.com,Attached is an overdue invoice. Please make a wire transfer to the account below as soon as possible. Legal action may follow. Confirm at http://bit.ly/jdek3g,1
Your Dropbox package could not be delivered,security@dropbox.verify-471.tk,"We could not deliver your parcel. Pay a small customs fee at http://dropbox-secure-login.tk/verify using your credit card. This offer expires today, respond immediately.",1
Re: Q3 roadmap,priya.k@example.org,"Hi Alex, I reviewed the Q3 roadmap and left a few comments in the shared document. Overall it looks good. Could you update the numbers before we send it out?",0
Thanks for your help with the sprint retro,omar.m@initech.com,"Hi Jordan, thanks for joining the call. I have attached the notes for the sprint retro. Let me know if I missed anything and we can discuss it on Monday.",0
Confirm your identity to avoid account closure,chase-support@chase-alerts.click,Your payment failed. Update your billing information immediately to avoid losing access. Log in to http://chase-secure-login.tk/verify and confirm your password and credit card details.,1
Lunch on Thursday?,jordan.s@contoso.com,"Team, here is the weekly update. The onboarding deck is on track, QA found two minor issues which are already fixed. Please review the document before our sync tomorrow. Details: https://contoso.com/docs/198",0
Receipt for your purchase,jordan.r@example.org,"Hi Chen, I reviewed the budget draft and left a few comments in the shared document. Overall it looks good. Could you update the numbers before we send it out?",0
Invoice overdue - immediate payment required,microsoft.billing@gmail.com,"Dear customer, we detected unusual activity on your Microsoft account. Your account will be suspended within 24 hours unless you verify your identity. Click here to verify your account: http://bit.ly/c2jj25",1
Urgent: your Amazon account has been suspended,security@amazon.verify-470.icu,Your payment failed. Update your billing information immediately to avoid losing access. Log in to http://amazon.account-update.xyz/ and confirm your password and credit card details.,1
Your order has shipped,riya.k@northwind.io,"Hi Tom, thanks for joining the call. I have attached the notes for the budget draft. Let me know if I missed anything and we can discuss it on Monday.",0
Final notice: payment failed for your LinkedIn subscription,linkedin.billing@gmail.com,Congratulations! You have won a prize. To claim your reward send your bank account and routing number or buy a gift card and reply with the code. Act now: http://bit.ly/h3f1jd,1
Re: onboarding deck,tom.m@contoso.com,"Hi Alex, thanks for joining the call. I have attached the notes for the onboarding deck. Let me know if I missed anything and we can discuss it on Monday.",0
Your order has shipped,maria.m@northwind.io,"Thank you for your purchase. Your receipt is attached. If you have any questions about the invoice, reply to this email and our team will help.",0
Confirm your identity to avoid account closure,amazon.billing@gmail.com,Final warning: your mailbox is full. Sign in to http://79.112.131.81/login and enter your password to re-activate your account. Failure to comply will result in permanent closure.,1
Reminder: vendor review review on Friday,maria.k@example.org,"Hey Chen, are you free for lunch on Thursday? There is a new place near the office. Happy to move it if the vendor review review runs late. Details: https://example.org/docs/196",0
Action required: verify your Microsoft password,security@microsoft.verify-631.tk,"We could not deliver your parcel. Pay a small customs fee at http://microsoft.account-update.icu/ using your credit card. This offer expires today, respond immediately.",1
Re: onboarding deck,riya.s@acme.com,"Thank you for your purchase. Your receipt is attached. If you have any questions about the invoice, reply to this email and our team will help.",0
Confirm your identity to avoid account closure,docusign.billing@gmail.com,Congratulations! You have won a prize. To claim your reward send your bank account and routing number or buy a gift card and reply with the code. Act now: http://docusign.account-update.tk/,1
Confirm your identity to avoid account closure,amazon.billing@gmail.com,"Dear customer, we detected unusual activity on your Amazon account. Your account will be suspended within 24 hours unless you verify your identity. Click here to verify your account: http://amazon.account-update.tk/",1
Urgent: your Dropbox account has been suspended,security@dropbox.verify-465.tk,"We could not deliver your parcel. Pay a small customs fee at http://bit.ly/g3ka45 using your credit card. This offer expires today, respond immediately.",1
Action required: verify your DocuSign password,security@docusign.verify-655.tk,Final warning: your mailbox is full. Sign in to http://docusign-secure-login.work/verify and enter your password to re-activate your account. Failure to comply will result in permanent closure.,1
Final notice: payment failed for your Dropbox subscription,security@dropbox.verify-509.work,Your payment failed. Update your billing information immediately to avoid losing access. Log in to http://dropbox.account-update.icu/ and confirm your password and credit card details.,1
Final notice: payment failed for your Apple subscription,security@apple.verify-577.xyz,Your payment failed. Update your billing information immediately to avoid losing access. Log in to http://apple-secure-login.top/verify and confirm your password and credit card details.,1
Weekly team update,alex.s@initech.com,"Hey Omar, are you free for lunch on Thursday? There is a new place near the office. Happy to move it if the vendor review review runs late.",0
sprint retro - notes from today's meeting,omar.s@northwind.io,"Hi Maria, I reviewed the sprint retro and left a few comments in the shared document. Overall it looks good. Could you update the numbers before we send it out? Details: https://northwind.io/docs/485",0
Reminder: release checklist review on Friday,jordan.s@acme.com,"Hey Sam, are you free for lunch on Thursday? There is a new place near the office. Happy to move it if the release checklist review runs late.",0
Reminder: design handoff review on Friday,riya.k@acme.com,"Hi Sam, thanks for joining the call. I have attached the notes for the design handoff. Let me know if I missed anything and we can discuss it on Monday.",0
Your order has shipped,riya.r@example.org,"Thank you for your purchase. Your receipt is attached. If you have any questions about the invoice, reply to this email and our team will help.",0
Receipt for your purchase,maria.s@example.org,"Thank you for your purchase. Your receipt is attached. If you have any questions about the invoice, reply to this email and our team will help.",0
budget draft - notes from today's meeting,priya.s@initech.com,"Team, here is the weekly update. The budget draft is on track, QA found two minor issues which are already fixed. Please review the document before our sync tomorrow.",0
Your order has shipped,sam.k@example.org,"Hello Riya, your order #27453 has shipped and should arrive in three to five business days. You can track it from your account page. Thanks for shopping with us.",0
Your Chase package could not be delivered,chase-support@chase-alerts.top,Final warning: your mailbox is full. Sign in to http://bit.ly/1153i5 and enter your password to re-activate your account. Failure to comply will result in permanent closure.,1
Final notice: payment failed for your FedEx subscription,security@fedex.verify-504.icu,Your payment failed. Update your billing information immediately to avoid losing access. Log in to http://178.139.7.245/login and confirm your password and credit card details.,1
Invoice overdue - immediate payment required,security@microsoft.verify-276.icu,"Dear customer, we detected unusual activity on your Microsoft account. Your account will be suspended within 24 hours unless you verify your identity. Click here to verify your account: http://62.114.10.228/login",1
Weekly team update,riya.r@contoso.com,"Hello Riya, your order #78592 has shipped and should arrive in three to five business days. You can track it from your account page. Thanks for shopping with us.",0
Your Dropbox package could not be delivered,dropbox-support@dropbox-alerts.click,Your payment failed. Update your billing information immediately to avoid losing access. Log in to http://dropbox.account-update.tk/ and confirm your password and credit card details.,1
Your Dropbox package could not be delivered,dropbox.billing@gmail.com,"We could not deliver your parcel. Pay a small customs fee at http://109.216.6.161/login using your credit card. This offer expires today, respond immediately.",1
Lunch on Thursday?,tom.r@contoso.com,"Hey Chen, are you free for lunch on Thursday? There is a new place near the office. Happy to move it if the Q3 roadmap review runs late. Details: https://contoso.com/docs/108",0
Your order has shipped,sam.s@northwind.io,"Hi Alex, I reviewed the release checklist and left a few comments in the shared document. Overall it looks good. Could you update the numbers before we send it out?",0
Security alert: unusual sign-in to your FedEx account,fedex.billing@gmail.com,"Dear customer, we detected unusual activity on your FedEx account. Your account will be suspended within 24 hours unless you verify your identity. Click here to verify your account: http://fedex-secure-login.top/verify",1
Your DocuSign package could not be delivered,docusign.billing@gmail.com,Final warning: your mailbox is full. Sign in to http://docusign.account-update.work/ and enter your password to re-activate your account. Failure to comply will result in permanent closure.,1
Weekly team update,omar.m@example.org,"Hey Tom, are you free for lunch on Thursday? There is a new place near the office. Happy to move it if the onboarding deck review runs late.",0
Urgent: your DocuSign account has been suspended,docusign.billing@gmail.com,Attached is an overdue invoice. Please make a wire transfer to the account below as soon as possible. Legal action may follow. Confirm at http://bit.ly/14cefc,1
Action required: verify your FedEx password,fedex.billing@gmail.com,Attached is an overdue invoice. Please make a wire transfer to the account below as soon as possible. Legal action may follow. Confirm at http://bit.ly/edd5g4,1
You have won a Microsoft gift card - claim now,microsoft-support@microsoft-alerts.work,Final warning: your mailbox is full. Sign in to http://microsoft-secure-login.tk/verify and enter your password to re-activate your account. Failure to comply will result in permanent closure.,1
You have won a Chase gift card - claim now,chase.billing@gmail.com,Final warning: your mailbox is full. Sign in to http://18.147.47.104/login and enter your password to re-activate your account. Failure to comply will result in permanent closure.,1
Reminder: sprint retro review on Friday,alex.r@initech.com,"Team, here is the weekly update. The sprint retro is on track, QA found two minor issues which are already fixed. Please review the document before our sync tomorrow.",0
Q3 roadmap - notes from today's meeting,riya.k@acme.com,"Thank you for your purchase. Your receipt is attached. If you have any questions about the invoice, reply to this email and our team will help. Details: https://acme.com/docs/354",0
Weekly team update,jordan.m@example.org,"Hi Alex, I reviewed the budget draft and left a few comments in the shared document. Overall it looks good. Could you update the numbers before we send it out?",0
Re: Q3 roadmap,omar.s@northwind.io,"Hello Lena, your order #28976 has shipped and should arrive in three to five business days. You can track it from your account page. Thanks for shopping with us.",0
Thanks for your help with the vendor review,chen.s@acme.com,"Hi Sam, I reviewed the vendor review and left a few comments in the shared document. Overall it looks good. Could you update the numbers before we send it out?",0
You have won a PayPal gift card - claim now,paypal.billing@gmail.com,Your payment failed. Update your billing information immediately to avoid losing access. Log in to http://bit.ly/6hcf33 and confirm your password and credit card details.,1
Action required: verify your FedEx password,fedex.billing@gmail.com,"Dear customer, we detected unusual activity on your FedEx account. Your account will be suspended within 24 hours unless you verify your identity. Click here to verify your account: http://fedex.account-update.work/",1
Confirm your identity to avoid account closure,netflix.billing@gmail.com,Final warning: your mailbox is full. Sign in to http://bit.ly/e4di1k and enter your password to re-activate your account. Failure to comply will result in permanent closure.,1
Action required: verify your LinkedIn password,linkedin.billing@gmail.com,Your payment failed. Update your billing information immediately to avoid losing access. Log in to http://bit.ly/45f5f1 and confirm your password and credit card details.,1
Your Dropbox package could not be delivered,dropbox-support@dropbox-alerts.click,"Dear customer, we detected unusual activity on your Dropbox account. Your account will be suspended within 24 hours unless you verify your identity. Click here to verify your account: http://dropbox-secure-login.top/verify",1
Weekly team update,tom.m@contoso.com,"Hey Maria, are you free for lunch on Thursday? There is a new place near the office. Happy to move it if the design handoff review runs late. Details: https://contoso.com/docs/224",0
Re: budget draft,tom.r@initech.com,"Team, here is the weekly update. The budget draft is on track, QA found two minor issues which are already fixed. Please review the document before our sync tomorrow.",0
Confirm your identity to avoid account closure,security@chase.verify-715.icu,"We could not deliver your parcel. Pay a small customs fee at http://chase.account-update.work/ using your credit card. This offer expires today, respond immediately.",1
Thanks for your help with the sprint retro,riya.m@northwind.io,"Team, here is the weekly update. The sprint retro is on track, QA found two minor issues which are already fixed. Please review the document before our sync tomorrow.",0
Thanks for your help with the budget draft,jordan.k@initech.com,"Hello Lena, your order #36824 has shipped and should arrive in three to five business days. You can track it from your account page. Thanks for shopping with us.",0
Final notice: payment failed for your Microsoft subscription,security@microsoft.verify-630.icu,Your payment failed. Update your billing information immediately to avoid losing access. Log in to http://microsoft.account-update.click/ and confirm your password and credit card details.,1
Urgent: your Apple account has been suspended,security@apple.verify-325.icu,"We could not deliver your parcel. Pay a small customs fee at http://177.95.137.96/login using your credit card. This offer expires today, respond immediately.",1
Thanks for your help with the Q3 roadmap,chen.m@northwind.io,"Hey Maria, are you free for lunch on Thursday? There is a new place near the office. Happy to move it if the Q3 roadmap review runs late.",0
Invoice overdue - immediate payment required,paypal-support@paypal-alerts.top,Congratulations! You have won a prize. To claim your reward send your bank account and routing number or buy a gift card and reply with the code. Act now: http://paypal.account-update.icu/,1
Security alert: unusual sign-in to your DocuSign account,docusign-support@docusign-alerts.icu,Congratulations! You have won a prize. To claim your reward send your bank account and routing number or buy a gift card and reply with the code. Act now: http://docusign.account-update.tk/,1
Final notice: payment failed for your FedEx subscription,security@fedex.verify-236.work,Attached is an overdue invoice. Please make a wire transfer to the account below as soon as possible. Legal action may follow. Confirm at http://94.42.110.227/login,1
Confirm your identity to avoid account closure,netflix-support@netflix-alerts.top,Final warning: your mailbox is full. Sign in to http://17.88.207.40/login and enter your password to re-activate your account. Failure to comply will result in permanent closure.,1
Receipt for your purchase,maria.s@acme.com,"Hi Maria, thanks for joining the call. I have attached the notes for the onboarding deck. Let me know if I missed anything and we can discuss it on Monday.",0
Final notice: payment failed for your PayPal subscription,paypal-support@paypal-alerts.top,Final warning: your mailbox is full. Sign in to http://paypal.account-update.xyz/ and enter your password to re-activate your account. Failure to comply will result in permanent closure.,1
Invoice overdue - immediate payment required,netflix-support@netflix-alerts.tk,Your payment failed. Update your billing information immediately to avoid losing access. Log in to http://bit.ly/j33cbc and confirm your password and credit card details.,1
Weekly team update,jordan.m@northwind.io,"Team, here is the weekly update. The Q3 roadmap is on track, QA found two minor issues which are already fixed. Please review the document before our sync tomorrow.",0
Action required: verify your Microsoft password,microsoft.billing@gmail.com,Final warning: your mailbox is full. Sign in to http://microsoft-secure-login.icu/verify and enter your password to re-activate your account. Failure to comply will result in permanent closure.,1
Final notice: payment failed for your PayPal subscription,paypal-support@paypal-alerts.click,Your payment failed. Update your billing information immediately to avoid losing access. Log in to http://107.216.97.152/login and confirm your password and credit card details.,1
Confirm your identity to avoid account closure,security@netflix.verify-584.top,Congratulations! You have won a prize. To claim your reward send your bank account and routing number or buy a gift card and reply with the code. Act now: http://netflix.account-update.click/,1
Final notice: payment failed for your DocuSign subscription,docusign.billing@gmail.com,Attached is an overdue invoice. Please make a wire transfer to the account below as soon as possible. Legal action may follow. Confirm at http://docusign-secure-login.xyz/verify,1
Final notice: payment failed for your PayPal subscription,security@paypal.verify-134.work,"We could not deliver your parcel. Pay a small customs fee at http://paypal.account-update.work/ using your credit card. This offer expires today, respond immediately.",1
Your Microsoft package could not be delivered,microsoft.billing@gmail.com,Congratulations! You have won a prize. To claim your reward send your bank account and routing number or buy a gift card and reply with the code. Act now: http://microsoft.account-update.click/,1
Your LinkedIn package could not be delivered,security@linkedin.verify-896.click,Final warning: your mailbox is full. Sign in to http://bit.ly/kj4ej1 and enter your password to re-activate your account. Failure to comply will result in permanent closure.,1
Receipt for your purchase,alex.k@initech.com,"Hi Maria, thanks for joining the call. I have attached the notes for the budget draft. Let me know if I missed anything and we can discuss it on Monday.",0
Receipt for your purchase,priya.k@initech.com,"Team, here is the weekly update. The Q3 roadmap is on track, QA found two minor issues which are already fixed. Please review the document before our sync tomorrow.",0
Urgent: your Apple account has been suspended,security@apple.verify-519.xyz,Congratulations! You have won a prize. To claim your reward send your bank account and routing number or buy a gift card and reply with the code. Act now: http://apple-secure-login.xyz/verify,1
Thanks for your help with the onboarding deck,sam.m@acme.com,"Hey Tom, are you free for lunch on Thursday? There is a new place near the office. Happy to move it if the onboarding deck review runs late. Details: https://acme.com/docs/89",0
Reminder: budget draft review on Friday,chen.m@acme.com,"Hi Lena, I reviewed the budget draft and left a few comments in the shared document. Overall it looks good. Could you update the numbers before we send it out?",0
Weekly team update,priya.r@initech.com,"Hey Alex, are you free for lunch on Thursday? There is a new place near the office. Happy to move it if the vendor review review runs late.",0
Confirm your identity to avoid account closure,security@fedex.verify-942.icu,Your payment failed. Update your billing information immediately to avoid losing access. Log in to http://bit.ly/hjdeb4 and confirm your password and credit card details.,1
Reminder: budget draft review on Friday,maria.k@initech.com,"Team, here is the weekly update. The budget draft is on track, QA found two minor issues which are already fixed. Please review the document before our sync tomorrow. Details: https://initech.com/docs/276",0
Reminder: onboarding deck review on Friday,sam.k@northwind.io,"Team, here is the weekly update. The onboarding deck is on track, QA found two minor issues which are already fixed. Please review the document before our sync tomorrow. Details: https://northwind.io/docs/277",0
Invoice overdue - immediate payment required,paypal.billing@gmail.com,"Dear customer, we detected unusual activity on your PayPal account. Your account will be suspended within 24 hours unless you verify your identity. Click here to verify your account: http://paypal.account-update.xyz/",1
Action required: verify your Netflix password,netflix.billing@gmail.com,Your payment failed. Update your billing information immediately to avoid losing access. Log in to http://netflix.account-update.work/ and confirm your password and credit card details.,1
Weekly team update,riya.k@initech.com,"Hey Alex, are you free for lunch on Thursday? There is a new place near the office. Happy to move it if the budget draft review runs late.",0
Your FedEx package could not be delivered,fedex.billing@gmail.com,Final warning: your mailbox is full. Sign in to http://fedex-secure-login.icu/verify and enter your password to re-activate your account. Failure to comply will result in permanent closure.,1
Urgent: your Dropbox account has been suspended,security@dropbox.verify-714.top,Congratulations! You have won a prize. To claim your reward send your bank account and routing number or buy a gift card and reply with the code. Act now: http://bit.ly/2aa13b,1
Lunch on Thursday?,lena.r@contoso.com,"Team, here is the weekly update. The budget draft is on track, QA found two minor issues which are already fixed. Please review the document before our sync tomorrow.",0
Confirm your identity to avoid account closure,paypal-support@paypal-alerts.top,"Dear customer, we detected unusual activity on your PayPal account. Your account will be suspended within 24 hours unless you verify your identity. Click here to verify your account: http://paypal-secure-login.tk/verify",1
Reminder: design handoff review on Friday,omar.r@example.org,"Hi Maria, thanks for joining the call. I have attached the notes for the design handoff. Let me know if I missed anything and we can discuss it on Monday.",0
Confirm your identity to avoid account closure,fedex-support@fedex-alerts.xyz,Attached is an overdue invoice. Please make a wire transfer to the account below as soon as possible. Legal action may follow. Confirm at http://172.32.67.116/login,1
Reminder: Q3 roadmap review on Friday,omar.k@example.org,"Team, here is the weekly update. The Q3 roadmap is on track, QA found two minor issues which are already fixed. Please review the document before our sync tomorrow.",0
Action required: verify your Microsoft password,security@microsoft.verify-294.tk,"Dear customer, we detected unusual activity on your Microsoft account. Your account will be suspended within 24 hours unless you verify your identity. Click here to verify your account: http://microsoft.account-update.top/",1
Action required: verify your Amazon password,security@amazon.verify-363.click,Your payment failed. Update your billing information immediately to avoid losing access. Log in to http://bit.ly/b43jhj and confirm your password and credit card details.,1
Urgent: your Amazon account has been suspended,amazon.billing@gmail.com,Attached is an overdue invoice. Please make a wire transfer to the account below as soon as possible. Legal action may follow. Confirm at http://amazon-secure-login.xyz/verify,1
Action required: verify your DocuSign password,docusign.billing@gmail.com,"Dear customer, we detected unusual activity on your DocuSign account. Your account will be suspended within 24 hours unless you verify your identity. Click here to verify your account: http://bit.ly/441eja",1
Reminder: release checklist review on Friday,sam.r@contoso.com,"Hello Sam, your order #43245 has shipped and should arrive in three to five business days. You can track it from your account page. Thanks for shopping with us. Details: https://contoso.com/docs/155",0
Security alert: unusual sign-in to your Apple account,apple-support@apple-alerts.top,Your payment failed. Update your billing information immediately to avoid losing access. Log in to http://bit.ly/4bbchh and confirm your password and credit card details.,1
Re: budget draft,tom.m@initech.com,"Thank you for your purchase. Your receipt is attached. If you have any questions about the invoice, reply to this email and our team will help.",0
Invoice overdue - immediate payment required,linkedin.billing@gmail.com,Final warning: your mailbox is full. Sign in to http://bit.ly/1bka2g and enter your password to re-activate your account. Failure to comply will result in permanent closure.,1
Final notice: payment failed for your Dropbox subscription,dropbox-support@dropbox-alerts.icu,Final warning: your mailbox is full. Sign in to http://dropbox.account-update.work/ and enter your password to re-activate your account. Failure to comply will result in permanent closure.,1
Re: onboarding deck,lena.r@contoso.com,"Thank you for your purchase. Your receipt is attached. If you have any questions about the invoice, reply to this email and our team will help.",0
You have won a Apple gift card - claim now,apple-support@apple-alerts.top,Final warning: your mailbox is full. Sign in to http://apple-secure-login.work/verify and enter your password to re-activate your account. Failure to comply will result in permanent closure.,1
Weekly team update,chen.m@example.org,"Hey Priya, are you free for lunch on Thursday? There is a new place near the office. Happy to move it if the budget draft review runs late.",0
Your order has shipped,jordan.k@example.org,"Hey Alex, are you free for lunch on Thursday? There is a new place near the office. Happy to move it if the vendor review review runs late. Details: https://example.org/docs/375",0
Receipt for your purchase,jordan.r@acme.com,"Thank you for your purchase. Your receipt is attached. If you have any questions about the invoice, reply to this email and our team will help.",0
Your Chase package could not be delivered,chase.billing@gmail.com,Attached is an overdue invoice. Please make a wire transfer to the account below as soon as possible. Legal action may follow. Confirm at http://chase.account-update.tk/,1
Urgent: your DocuSign account has been suspended,docusign-support@docusign-alerts.tk,Final warning: your mailbox is full. Sign in to http://bit.ly/ddikea and enter your password to re-activate your account. Failure to comply will result in permanent closure.,1
You have won a DocuSign gift card - claim now,docusign-support@docusign-alerts.click,Congratulations! You have won a prize. To claim your reward send your bank account and routing number or buy a gift card and reply with the code. Act now: http://45.160.216.120/login,1
Re: design handoff,omar.k@contoso.com,"Hi Priya, I reviewed the design handoff and left a few comments in the shared document. Overall it looks good. Could you update the numbers before we send it out? Details: https://contoso.com/docs/125",0
Confirm your identity to avoid account closure,chase.billing@gmail.com,"We could not deliver your parcel. Pay a small customs fee at http://120.194.42.176/login using your credit card. This offer expires today, respond immediately.",1
Reminder: design handoff review on Friday,chen.s@northwind.io,"Team, here is the weekly update. The design handoff is on track, QA found two minor issues which are already fixed. Please review the document before our sync tomorrow.",0
Reminder: Q3 roadmap review on Friday,alex.k@initech.com,"Hi Tom, thanks for joining the call. I have attached the notes for the Q3 roadmap. Let me know if I missed anything and we can discuss it on Monday.",0
Weekly team update,jordan.k@initech.com,"Hey Jordan, are you free for lunch on Thursday? There is a new place near the office. Happy to move it if the sprint retro review runs late.",0
Your order has shipped,omar.m@initech.com,"Hello Jordan, your order #42035 has shipped and should arrive in three to five business days. You can track it from your account page. Thanks for shopping with us.",0
Thanks for your help with the vendor review,alex.m@contoso.com,"Thank you for your purchase. Your receipt is attached. If you have any questions about the invoice, reply to this email and our team will help.",0
You have won a PayPal gift card - claim now,paypal.billing@gmail.com,"We could not deliver your parcel. Pay a small customs fee at http://bit.ly/ba6icb using your credit card. This offer expires today, respond immediately.",1
Security alert: unusual sign-in to your DocuSign account,docusign.billing@gmail.com,"We could not deliver your parcel. Pay a small customs fee at http://docusign.account-update.click/ using your credit card. This offer expires today, respond immediately.",1
Lunch on Thursday?,alex.s@initech.com,"Hi Jordan, thanks for joining the call. I have attached the notes for the Q3 roadmap. Let me know if I missed anything and we can discuss it on Monday.",0
Security alert: unusual sign-in to your Dropbox account,security@dropbox.verify-440.click,Attached is an overdue invoice. Please make a wire transfer to the account below as soon as possible. Legal action may follow. Confirm at http://dropbox-secure-login.xyz/verify,1
Thanks for your help with the vendor review,riya.m@northwind.io,"Hi Tom, thanks for joining the call. I have attached the notes for the vendor review. Let me know if I missed anything and we can discuss it on Monday.",0
Reminder: design handoff review on Friday,priya.r@contoso.com,"Hi Maria, thanks for joining the call. I have attached the notes for the design handoff. Let me know if I missed anything and we can discuss it on Monday.",0
Final notice: payment failed for your FedEx subscription,fedex-support@fedex-alerts.work,Attached is an overdue invoice. Please make a wire transfer to the account below as soon as possible. Legal action may follow. Confirm at http://bit.ly/dc4kjk,1
Security alert: unusual sign-in to your FedEx account,fedex-support@fedex-alerts.icu,Your payment failed. Update your billing information immediately to avoid losing access. Log in to http://118.195.59.78/login and confirm your password and credit card details.,1
Your order has shipped,alex.s@acme.com,"Hi Priya, thanks for joining the call. I have attached the notes for the vendor review. Let me know if I missed anything and we can discuss it on Monday.",0
Final notice: payment failed for your LinkedIn subscription,linkedin.billing@gmail.com,Your payment failed. Update your billing information immediately to avoid losing access. Log in to http://27.60.219.223/login and confirm your password and credit card details.,1
Lunch on Thursday?,omar.m@acme.com,"Hi Riya, I reviewed the budget draft and left a few comments in the shared document. Overall it looks good. Could you update the numbers before we send it out?",0
Final notice: payment failed for your Amazon subscription,security@amazon.verify-969.tk,"Dear customer, we detected unusual activity on your Amazon account. Your account will be suspended within 24 hours unless you verify your identity. Click here to verify your account: http://bit.ly/b11jg3",1
You have won a FedEx gift card - claim now,fedex-support@fedex-alerts.xyz,"Dear customer, we detected unusual activity on your FedEx account. Your account will be suspended within 24 hours unless you verify your identity. Click here to verify your account: http://fedex-secure-login.tk/verify",1
budget draft - notes from today's meeting,lena.k@northwind.io,"Hello Riya, your order #69531 has shipped and should arrive in three to five business days. You can track it from your account page. Thanks for shopping with us.",0
Your order has shipped,chen.k@northwind.io,"Thank you for your purchase. Your receipt is attached. If you have any questions about the invoice, reply to this email and our team will help.",0
Re: onboarding deck,tom.k@contoso.com,"Hey Jordan, are you free for lunch on Thursday? There is a new place near the office. Happy to move it if the onboarding deck review runs late. Details: https://contoso.com/docs/250",0
Invoice overdue - immediate payment required,fedex.billing@gmail.com,Your payment failed. Update your billing information immediately to avoid losing access. Log in to http://49.146.191.131/login and confirm your password and credit card details.,1
Final notice: payment failed for your Netflix subscription,security@netflix.verify-956.click,"Dear customer, we detected unusual activity on your Netflix account. Your account will be suspended within 24 hours unless you verify your identity. Click here to verify your account: http://netflix.account-update.icu/",1
Your Amazon package could not be delivered,amazon.billing@gmail.com,Attached is an overdue invoice. Please make a wire transfer to the account below as soon as possible. Legal action may follow. Confirm at http://bit.ly/kf24gi,1
Thanks for your help with the Q3 roadmap,tom.r@northwind.io,"Hi Alex, I reviewed the Q3 roadmap and left a few comments in the shared document. Overall it looks good. Could you update the numbers before we send it out?",0
Security alert: unusual sign-in to your FedEx account,fedex.billing@gmail.com,Your payment failed. Update your billing information immediately to avoid losing access. Log in to http://23.34.126.59/login and confirm your password and credit card details.,1
Lunch on Thursday?,lena.s@example.org,"Hi Maria, thanks for joining the call. I have attached the notes for the release checklist. Let me know if I missed anything and we can discuss it on Monday.",0
Re: onboarding deck,alex.m@northwind.io,"Team, here is the weekly update. The onboarding deck is on track, QA found two minor issues which are already fixed. Please review the document before our sync tomorrow.",0
Urgent: your Netflix account has been suspended,netflix-support@netflix-alerts.click,Congratulations! You have won a prize. To claim your reward send your bank account and routing number or buy a gift card and reply with the code. Act now: http://netflix-secure-login.icu/verify,1
Thanks for your help with the design handoff,lena.m@contoso.com,"Hi Priya, thanks for joining the call. I have attached the notes for the design handoff. Let me know if I missed anything and we can discuss it on Monday.",0
Your order has shipped,alex.s@example.org,"Team, here is the weekly update. The design handoff is on track, QA found two minor issues which are already fixed. Please review the document before our sync tomorrow. Details: https://example.org/docs/279",0
Your DocuSign package could not be delivered,docusign.billing@gmail.com,Final warning: your mailbox is full. Sign in to http://docusign.account-update.tk/ and enter your password to re-activate your account. Failure to comply will result in permanent closure.,1
Urgent: your Amazon account has been suspended,security@amazon.verify-188.top,Congratulations! You have won a prize. To claim your reward send your bank account and routing number or buy a gift card and reply with the code. Act now: http://154.69.42.65/login,1
onboarding deck - notes from today's meeting,alex.s@example.org,"Hey Maria, are you free for lunch on Thursday? There is a new place near the office. Happy to move it if the onboarding deck review runs late.",0
Your PayPal package could not be delivered,security@paypal.verify-168.tk,Attached is an overdue invoice. Please make a wire transfer to the account below as soon as possible. Legal action may follow. Confirm at http://52.221.244.62/login,1
Your Amazon package could not be delivered,security@amazon.verify-636.xyz,Your payment failed. Update your billing information immediately to avoid losing access. Log in to http://amazon.account-update.tk/ and confirm your password and credit card details.,1
Weekly team update,tom.m@initech.com,"Hey Chen, are you free for lunch on Thursday? There is a new place near the office. Happy to move it if the release checklist review runs late. Details: https://initech.com/docs/93",0
Q3 roadmap - notes from today's meeting,chen.s@northwind.io,"Hello Lena, your order #10589 has shipped and should arrive in three to five business days. You can track it from your account page. Thanks for shopping with us.",0
You have won a Netflix gift card - claim now,netflix.billing@gmail.com,Congratulations! You have won a prize. To claim your reward send your bank account and routing number or buy a gift card and reply with the code. Act now: http://netflix.account-update.top/,1
Security alert: unusual sign-in to your Apple account,security@apple.verify-592.work,"Dear customer, we detected unusual activity on your Apple account. Your account will be suspended within 24 hours unless you verify your identity. Click here to verify your account: http://apple.account-update.click/",1
Security alert: unusual sign-in to your Chase account,chase-support@chase-alerts.top,Final warning: your mailbox is full. Sign in to http://chase.account-update.xyz/ and enter your password to re-activate your account. Failure to comply will result in permanent closure.,1
Lunch on Thursday?,omar.m@contoso.com,"Hi Maria, thanks for joining the call. I have attached the notes for the sprint retro. Let me know if I missed anything and we can discuss it on Monday. Details: https://contoso.com/docs/381",0
Weekly team update,maria.r@acme.com,"Hello Riya, your order #84302 has shipped and should arrive in three to five business days. You can track it from your account page. Thanks for shopping with us.",0
Your order has shipped,riya.s@initech.com,"Team, here is the weekly update. The Q3 roadmap is on track, QA found two minor issues which are already fixed. Please review the document before our sync tomorrow.",0
Urgent: your Microsoft account has been suspended,microsoft-support@microsoft-alerts.xyz,Congratulations! You have won a prize. To claim your reward send your bank account and routing number or buy a gift card and reply with the code. Act now: http://microsoft.account-update.icu/,1
Thanks for your help with the onboarding deck,riya.m@contoso.com,"Hi Priya, thanks for joining the call. I have attached the notes for the onboarding deck. Let me know if I missed anything and we can discuss it on Monday.",0
Weekly team update,jordan.s@example.org,"Hey Chen, are you free for lunch on Thursday? There is a new place near the office. Happy to move it if the sprint retro review runs late.",0
Urgent: your FedEx account has been suspended,security@fedex.verify-250.click,"Dear customer, we detected unusual activity on your FedEx account. Your account will be suspended within 24 hours unless you verify your identity. Click here to verify your account: http://fedex.account-update.click/",1
Confirm your identity to avoid account closure,netflix.billing@gmail.com,"We could not deliver your parcel. Pay a small customs fee at http://netflix.account-update.work/ using your credit card. This offer expires today, respond immediately.",1
Re: onboarding deck,priya.m@northwind.io,"Thank you for your purchase. Your receipt is attached. If you have any questions about the invoice, reply to this email and our team will help. Details: https://northwind.io/docs/269",0
You have won a Netflix gift card - claim now,netflix.billing@gmail.com,Attached is an overdue invoice. Please make a wire transfer to the account below as soon as possible. Legal action may follow. Confirm at http://netflix-secure-login.work/verify,1
You have won a DocuSign gift card - claim now,docusign-support@docusign-alerts.top,Attached is an overdue invoice. Please make a wire transfer to the account below as soon as possible. Legal action may follow. Confirm at http://bit.ly/gfi6g5,1
You have won a Amazon gift card - claim now,amazon-support@amazon-alerts.top,Congratulations! You have won a prize. To claim your reward send your bank account and routing number or buy a gift card and reply with the code. Act now: http://amazon-secure-login.work/verify,1
Confirm your identity to avoid account closure,amazon.billing@gmail.com,"Dear customer, we detected unusual activity on your Amazon account. Your account will be suspended within 24 hours unless you verify your identity. Click here to verify your account: http://amazon.account-update.click/",1
Reminder: vendor review review on Friday,sam.m@acme.com,"Hello Sam, your order #90491 has shipped and should arrive in three to five business days. You can track it from your account page. Thanks for shopping with us. Details: https://acme.com/docs/35",0
Action required: verify your FedEx password,fedex.billing@gmail.com,Attached is an overdue invoice. Please make a wire transfer to the account below as soon as possible. Legal action may follow. Confirm at http://185.3.29.23/login,1
Security alert: unusual sign-in to your LinkedIn account,security@linkedin.verify-345.click,"Dear customer, we detected unusual activity on your LinkedIn account. Your account will be suspended within 24 hours unless you verify your identity. Click here to verify your account: http://linkedin-secure-login.work/verify",1
Your order has shipped,riya.r@initech.com,"Hello Riya, your order #58084 has shipped and should arrive in three to five business days. You can track it from your account page. Thanks for shopping with us.",0
Urgent: your DocuSign account has been suspended,security@docusign.verify-571.icu,Your payment failed. Update your billing information immediately to avoid losing access. Log in to http://docusign-secure-login.xyz/verify and confirm your password and credit card details.,1
Receipt for your purchase,omar.r@initech.com,"Hi Riya, thanks for joining the call. I have attached the notes for the Q3 roadmap. Let me know if I missed anything and we can discuss it on Monday.",0
sprint retro - notes from today's meeting,tom.s@initech.com,"Hi Omar, I reviewed the sprint retro and left a few comments in the shared document. Overall it looks good. Could you update the numbers before we send it out?",0
Confirm your identity to avoid account closure,docusign-support@docusign-alerts.top,"Dear customer, we detected unusual activity on your DocuSign account. Your account will be suspended within 24 hours unless you verify your identity. Click here to verify your account: http://138.207.87.90/login",1
Action required: verify your Apple password,apple-support@apple-alerts.top,Your payment failed. Update your billing information immediately to avoid losing access. Log in to http://apple-secure-login.click/verify and confirm your password and credit card details.,1
Urgent: your PayPal account has been suspended,paypal-support@paypal-alerts.xyz,"Dear customer, we detected unusual activity on your PayPal account. Your account will be suspended within 24 hours unless you verify your identity. Click here to verify your account: http://bit.ly/bac65d",1
Thanks for your help with the onboarding deck,sam.s@contoso.com,"Thank you for your purchase. Your receipt is attached. If you have any questions about the invoice, reply to this email and our team will help.",0
Re: onboarding deck,lena.m@northwind.io,"Hello Omar, your order #70696 has shipped and should arrive in three to five business days. You can track it from your account page. Thanks for shopping with us.",0
budget draft - notes from today's meeting,alex.k@acme.com,"Hi Priya, I reviewed the budget draft and left a few comments in the shared document. Overall it looks good. Could you update the numbers before we send it out?",0
Confirm your identity to avoid account closure,amazon-support@amazon-alerts.work,Final warning: your mailbox is full. Sign in to http://amazon-secure-login.icu/verify and enter your password to re-activate your account. Failure to comply will result in permanent closure.,1
Final notice: payment failed for your Apple subscription,apple-support@apple-alerts.top,Attached is an overdue invoice. Please make a wire transfer to the account below as soon as possible. Legal action may follow. Confirm at http://bit.ly/ac521g,1
Your Netflix package could not be delivered,netflix-support@netflix-alerts.xyz,Final warning: your mailbox is full. Sign in to http://bit.ly/djci6c and enter your password to re-activate your account. Failure to comply will result in permanent closure.,1
sprint retro - notes from today's meeting,maria.s@acme.com,"Hi Alex, thanks for joining the call. I have attached the notes for the sprint retro. Let me know if I missed anything and we can discuss it on Monday. Details: https://acme.com/docs/387",0
Final notice: payment failed for your Apple subscription,security@apple.verify-994.top,Your payment failed. Update your billing information immediately to avoid losing access. Log in to http://46.82.179.118/login and confirm your password and credit card details.,1
Reminder: vendor review review on Friday,jordan.k@northwind.io,"Team, here is the weekly update. The vendor review is on track, QA found two minor issues which are already fixed. Please review the document before our sync tomorrow.",0
Lunch on Thursday?,omar.s@initech.com,"Hi Chen, thanks for joining the call. I have attached the notes for the release checklist. Let me know if I missed anything and we can discuss it on Monday.",0
Urgent: your Amazon account has been suspended,security@amazon.verify-610.work,"Dear customer, we detected unusual activity on your Amazon account. Your account will be suspended within 24 hours unless you verify your identity. Click here to verify your account: http://amazon-secure-login.click/verify",1
Lunch on Thursday?,omar.m@acme.com,"Thank you for your purchase. Your receipt is attached. If you have any questions about the invoice, reply to this email and our team will help. Details: https://acme.com/docs/88",0
Urgent: your Dropbox account has been suspended,dropbox-support@dropbox-alerts.work,Attached is an overdue invoice. Please make a wire transfer to the account below as soon as possible. Legal action may follow. Confirm at http://dropbox.account-update.click/,1
Reminder: release checklist review on Friday,maria.r@northwind.io,"Hello Omar, your order #82625 has shipped and should arrive in three to five business days. You can track it from your account page. Thanks for shopping with us.",0
Confirm your identity to avoid account closure,security@paypal.verify-452.top,Attached is an overdue invoice. Please make a wire transfer to the account below as soon as possible. Legal action may follow. Confirm at http://bit.ly/6ig5ka,1
budget draft - notes from today's meeting,maria.r@initech.com,"Team, here is the weekly update. The budget draft is on track, QA found two minor issues which are already fixed. Please review the document before our sync tomorrow.",0
onboarding deck - notes from today's meeting,alex.k@contoso.com,"Hi Chen, I reviewed the onboarding deck and left a few comments in the shared document. Overall it looks good. Could you update the numbers before we send it out?",0
Reminder: release checklist review on Friday,chen.s@contoso.com,"Hi Priya, thanks for joining the call. I have attached the notes for the release checklist. Let me know if I missed anything and we can discuss it on Monday.",0
Thanks for your help with the Q3 roadmap,maria.m@contoso.com,"Hi Alex, I reviewed the Q3 roadmap and left a few comments in the shared document. Overall it looks good. Could you update the numbers before we send it out? Details: https://contoso.com/docs/169",0
Thanks for your help with the design handoff,maria.m@example.org,"Hello Riya, your order #26402 has shipped and should arrive in three to five business days. You can track it from your account page. Thanks for shopping with us.",0
Re: budget draft,sam.s@initech.com,"Hi Chen, I reviewed the budget draft and left a few comments in the shared document. Overall it looks good. Could you update the numbers before we send it out?",0
Your order has shipped,priya.s@example.org,"Thank you for your purchase. Your receipt is attached. If you have any questions about the invoice, reply to this email and our team will help.",0
Thanks for your help with the design handoff,maria.m@initech.com,"Team, here is the weekly update. The design handoff is on track, QA found two minor issues which are already fixed. Please review the document before our sync tomorrow.",0
Weekly team update,maria.k@initech.com,"Hello Sam, your order #87936 has shipped and should arrive in three to five business days. You can track it from your account page. Thanks for shopping with us.",0
Action required: verify your Chase password,security@chase.verify-326.click,"We could not deliver your parcel. Pay a small customs fee at http://112.51.2.205/login using your credit card. This offer expires today, respond immediately.",1
design handoff - notes from today's meeting,omar.m@example.org,"Hey Priya, are you free for lunch on Thursday? There is a new place near the office. Happy to move it if the design handoff review runs late.",0
Thanks for your help with the release checklist,riya.r@northwind.io,"Hello Priya, your order #18773 has shipped and should arrive in three to five business days. You can track it from your account page. Thanks for shopping with us. Details: https://northwind.io/docs/167",0
Urgent: your Chase account has been suspended,security@chase.verify-485.icu,Attached is an overdue invoice. Please make a wire transfer to the account below as soon as possible. Legal action may follow. Confirm at http://chase.account-update.work/,1
Receipt for your purchase,maria.k@contoso.com,"Hi Tom, thanks for joining the call. I have attached the notes for the Q3 roadmap. Let me know if I missed anything and we can discuss it on Monday. Details: https://contoso.com/docs/472",0
Weekly team update,tom.r@contoso.com,"Thank you for your purchase. Your receipt is attached. If you have any questions about the invoice, reply to this email and our team will help. Details: https://contoso.com/docs/158",0
Urgent: your LinkedIn account has been suspended,security@linkedin.verify-897.icu,Congratulations! You have won a prize. To claim your reward send your bank account and routing number or buy a gift card and reply with the code. Act now: http://20.42.180.96/login,1
Confirm your identity to avoid account closure,security@docusign.verify-700.xyz,"Dear customer, we detected unusual activity on your DocuSign account. Your account will be suspended within 24 hours unless you verify your identity. Click here to verify your account: http://docusign-secure-login.xyz/verify",1
Action required: verify your Netflix password,security@netflix.verify-308.icu,Final warning: your mailbox is full. Sign in to http://14.181.226.110/login and enter your password to re-activate your account. Failure to comply will result in permanent closure.,1
Final notice: payment failed for your LinkedIn subscription,linkedin.billing@gmail.com,Congratulations! You have won a prize. To claim your reward send your bank account and routing number or buy a gift card and reply with the code. Act now: http://linkedin.account-update.click/,1
Receipt for your purchase,chen.k@example.org,"Hi Jordan, thanks for joining the call. I have attached the notes for the design handoff. Let me know if I missed anything and we can discuss it on Monday.",0
Weekly team update,lena.s@acme.com,"Thank you for your purchase. Your receipt is attached. If you have any questions about the invoice, reply to this email and our team will help.",0
Reminder: Q3 roadmap review on Friday,maria.r@initech.com,"Hello Lena, your order #42527 has shipped and should arrive in three to five business days. You can track it from your account page. Thanks for shopping with us.",0
Invoice overdue - immediate payment required,dropbox-support@dropbox-alerts.click,"We could not deliver your parcel. Pay a small customs fee at http://dropbox.account-update.tk/ using your credit card. This offer expires today, respond immediately.",1
Invoice overdue - immediate payment required,security@dropbox.verify-177.icu,Attached is an overdue invoice. Please make a wire transfer to the account below as soon as possible. Legal action may follow. Confirm at http://dropbox-secure-login.top/verify,1
Your order has shipped,riya.s@initech.com,"Hello Alex, your order #62310 has shipped and should arrive in three to five business days. You can track it from your account page. Thanks for shopping with us.",0
Your order has shipped,tom.m@contoso.com,"Hi Riya, I reviewed the budget draft and left a few comments in the shared document. Overall it looks good. Could you update the numbers before we send it out?",0
Your order has shipped,sam.s@contoso.com,"Hello Priya, your order #15290 has shipped and should arrive in three to five business days. You can track it from your account page. Thanks for shopping with us.",0
Lunch on Thursday?,alex.s@example.org,"Thank you for your purchase. Your receipt is attached. If you have any questions about the invoice, reply to this email and our team will help.",0
Urgent: your Netflix account has been suspended,netflix.billing@gmail.com,Congratulations! You have won a prize. To claim your reward send your bank account and routing number or buy a gift card and reply with the code. Act now: http://netflix.account-update.work/,1
Receipt for your purchase,sam.r@example.org,"Hey Tom, are you free for lunch on Thursday? There is a new place near the office. Happy to move it if the vendor review review runs late.",0
Final notice: payment failed for your Dropbox subscription,security@dropbox.verify-359.top,Attached is an overdue invoice. Please make a wire transfer to the account below as soon as possible. Legal action may follow. Confirm at http://bit.ly/b135c2,1
Receipt for your purchase,priya.m@acme.com,"Hi Sam, I reviewed the release checklist and left a few comments in the shared document. Overall it looks good. Could you update the numbers before we send it out?",0
budget draft - notes from today's meeting,alex.k@contoso.com,"Hey Omar, are you free for lunch on Thursday? There is a new place near the office. Happy to move it if the budget draft review runs late.",0
You have won a LinkedIn gift card - claim now,linkedin-support@linkedin-alerts.top,Attached is an overdue invoice. Please make a wire transfer to the account below as soon as possible. Legal action may follow. Confirm at http://bit.ly/6jfk6h,1
Thanks for your help with the release checklist,maria.r@contoso.com,"Thank you for your purchase. Your receipt is attached. If you have any questions about the invoice, reply to this email and our team will help.",0
Action required: verify your Netflix password,netflix-support@netflix-alerts.top,"We could not deliver your parcel. Pay a small customs fee at http://bit.ly/2jjj2c using your credit card. This offer expires today, respond immediately.",1
You have won a Apple gift card - claim now,security@apple.verify-547.xyz,Your payment failed. Update your billing information immediately to avoid losing access. Log in to http://195.64.91.147/login and confirm your password and credit card details.,1
Invoice overdue - immediate payment required,dropbox-support@dropbox-alerts.click,"Dear customer, we detected unusual activity on your Dropbox account. Your account will be suspended within 24 hours unless you verify your identity. Click here to verify your account: http://19.11.132.149/login",1
Confirm your identity to avoid account closure,security@linkedin.verify-687.work,Attached is an overdue invoice. Please make a wire transfer to the account below as soon as possible. Legal action may follow. Confirm at http://linkedin.account-update.top/,1
Confirm your identity to avoid account closure,amazon.billing@gmail.com,"We could not deliver your parcel. Pay a small customs fee at http://bit.ly/ecea65 using your credit card. This offer expires today, respond immediately.",1
Security alert: unusual sign-in to your Apple account,apple-support@apple-alerts.click,Attached is an overdue invoice. Please make a wire transfer to the account below as soon as possible. Legal action may follow. Confirm at http://apple.account-update.tk/,1
Thanks for your help with the design handoff,jordan.s@contoso.com,"Thank you for your purchase. Your receipt is attached. If you have any questions about the invoice, reply to this email and our team will help.",0
Invoice overdue - immediate payment required,security@amazon.verify-159.xyz,Congratulations! You have won a prize. To claim your reward send your bank account and routing number or buy a gift card and reply with the code. Act now: http://73.54.65.74/login,1
Lunch on Thursday?,omar.k@northwind.io,"Thank you for your purchase. Your receipt is attached. If you have any questions about the invoice, reply to this email and our team will help. Details: https://northwind.io/docs/458",0
Reminder: budget draft review on Friday,sam.s@northwind.io,"Hi Riya, I reviewed the budget draft and left a few comments in the shared document. Overall it looks good. Could you update the numbers before we send it out? Details: https://northwind.io/docs/155",0
Weekly team update,maria.k@initech.com,"Thank you for your purchase. Your receipt is attached. If you have any questions about the invoice, reply to this email and our team will help. Details: https://initech.com/docs/493",0
Security alert: unusual sign-in to your DocuSign account,docusign-support@docusign-alerts.xyz,Attached is an overdue invoice. Please make a wire transfer to the account below as soon as possible. Legal action may follow. Confirm at http://docusign-secure-login.xyz/verify,1
Weekly team update,tom.m@acme.com,"Hi Maria, thanks for joining the call. I have attached the notes for the sprint retro. Let me know if I missed anything and we can discuss it on Monday. Details: https://acme.com/docs/131",0
budget draft - notes from today's meeting,riya.s@example.org,"Hi Alex, I reviewed the budget draft and left a few comments in the shared document. Overall it looks good. Could you update the numbers before we send it out?",0
Weekly team update,jordan.r@acme.com,"Hello Riya, your order #58058 has shipped and should arrive in three to five business days. You can track it from your account page. Thanks for shopping with us.",0
Reminder: release checklist review on Friday,tom.r@initech.com,"Hello Riya, your order #50625 has shipped and should arrive in three to five business days. You can track it from your account page. Thanks for shopping with us.",0
Your PayPal package could not be delivered,security@paypal.verify-550.xyz,Your payment failed. Update your billing information immediately to avoid losing access. Log in to http://bit.ly/k34jg3 and confirm your password and credit card details.,1
Confirm your identity to avoid account closure,apple.billing@gmail.com,"We could not deliver your parcel. Pay a small customs fee at http://apple.account-update.top/ using your credit card. This offer expires today, respond immediately.",1
vendor review - notes from today's meeting,chen.m@example.org,"Team, here is the weekly update. The vendor review is on track, QA found two minor issues which are already fixed. Please review the document before our sync tomorrow.",0
Action required: verify your Chase password,security@chase.verify-842.tk,"Dear customer, we detected unusual activity on your Chase account. Your account will be suspended within 24 hours unless you verify your identity. Click here to verify your account: http://chase-secure-login.tk/verify",1
Security alert: unusual sign-in to your Dropbox account,dropbox-support@dropbox-alerts.work,Attached is an overdue invoice. Please make a wire transfer to the account below as soon as possible. Legal action may follow. Confirm at http://148.30.175.238/login,1
Security alert: unusual sign-in to your Netflix account,netflix-support@netflix-alerts.xyz,"Dear customer, we detected unusual activity on your Netflix account. Your account will be suspended within 24 hours unless you verify your identity. Click here to verify your account: http://bit.ly/6ijgj3",1
Lunch on Thursday?,omar.s@example.org,"Hello Jordan, your order #87268 has shipped and should arrive in three to five business days. You can track it from your account page. Thanks for shopping with us.",0
Lunch on Thursday?,jordan.r@example.org,"Thank you for your purchase. Your receipt is attached. If you have any questions about the invoice, reply to this email and our team will help.",0
Re: budget draft,omar.s@example.org,"Hi Alex, thanks for joining the call. I have attached the notes for the budget draft. Let me know if I missed anything and we can discuss it on Monday.",0
Urgent: your FedEx account has been suspended,fedex.billing@gmail.com,"Dear customer, we detected unusual activity on your FedEx account. Your account will be suspended within 24 hours unless you verify your identity. Click here to verify your account: http://fedex-secure-login.top/verify",1
Final notice: payment failed for your Netflix subscription,netflix.billing@gmail.com,Final warning: your mailbox is full. Sign in to http://netflix.account-update.work/ and enter your password to re-activate your account. Failure to comply will result in permanent closure.,1
Lunch on Thursday?,jordan.m@contoso.com,"Thank you for your purchase. Your receipt is attached. If you have any questions about the invoice, reply to this email and our team will help.",0
Security alert: unusual sign-in to your Chase account,chase-support@chase-alerts.tk,"Dear customer, we detected unusual activity on your Chase account. Your account will be suspended within 24 hours unless you verify your identity. Click here to verify your account: http://bit.ly/id625f",1
Receipt for your purchase,lena.k@example.org,"Thank you for your purchase. Your receipt is attached. If you have any questions about the invoice, reply to this email and our team will help. Details: https://example.org/docs/59",0
Urgent: your Amazon account has been suspended,amazon.billing@gmail.com,"Dear customer, we detected unusual activity on your Amazon account. Your account will be suspended within 24 hours unless you verify your identity. Click here to verify your account: http://amazon.account-update.tk/",1
Final notice: payment failed for your Dropbox subscription,dropbox.billing@gmail.com,Final warning: your mailbox is full. Sign in to http://dropbox-secure-login.work/verify and enter your password to re-activate your account. Failure to comply will result in permanent closure.,1
Weekly team update,tom.s@example.org,"Hello Omar, your order #55214 has shipped and should arrive in three to five business days. You can track it from your account page. Thanks for shopping with us.",0
Reminder: sprint retro review on Friday,priya.k@example.org,"Hey Maria, are you free for lunch on Thursday? There is a new place near the office. Happy to move it if the sprint retro review runs late. Details: https://example.org/docs/82",0
Weekly team update,jordan.m@example.org,"Team, here is the weekly update. The Q3 roadmap is on track, QA found two minor issues which are already fixed. Please review the document before our sync tomorrow.",0
Urgent: your Dropbox account has been suspended,security@dropbox.verify-411.click,Attached is an overdue invoice. Please make a wire transfer to the account below as soon as possible. Legal action may follow. Confirm at http://bit.ly/ccbi2g,1
Security alert: unusual sign-in to your Amazon account,amazon.billing@gmail.com,Congratulations! You have won a prize. To claim your reward send your bank account and routing number or buy a gift card and reply with the code. Act now: http://bit.ly/c6c11b,1
Receipt for your purchase,chen.k@acme.com,"Hi Lena, thanks for joining the call. I have attached the notes for the Q3 roadmap. Let me know if I missed anything and we can discuss it on Monday.",0
Urgent: your Apple account has been suspended,apple.billing@gmail.com,Final warning: your mailbox is full. Sign in to http://202.77.151.152/login and enter your password to re-activate your account. Failure to comply will result in permanent closure.,1
Thanks for your help with the onboarding deck,chen.m@contoso.com,"Team, here is the weekly update. The onboarding deck is on track, QA found two minor issues which are already fixed. Please review the document before our sync tomorrow.",0
Reminder: budget draft review on Friday,riya.m@initech.com,"Hello Omar, your order #74946 has shipped and should arrive in three to five business days. You can track it from your account page. Thanks for shopping with us.",0
Your order has shipped,maria.m@example.org,"Thank you for your purchase. Your receipt is attached. If you have any questions about the invoice, reply to this email and our team will help.",0
Urgent: your Netflix account has been suspended,netflix-support@netflix-alerts.work,Your payment failed. Update your billing information immediately to avoid losing access. Log in to http://netflix.account-update.xyz/ and confirm your password and credit card details.,1
Reminder: Q3 roadmap review on Friday,jordan.s@contoso.com,"Hello Omar, your order #18305 has shipped and should arrive in three to five business days. You can track it from your account page. Thanks for shopping with us.",0
Your order has shipped,omar.k@northwind.io,"Hey Riya, are you free for lunch on Thursday? There is a new place near the office. Happy to move it if the budget draft review runs late.",0
Weekly team update,alex.r@example.org,"Hello Sam, your order #61241 has shipped and should arrive in three to five business days. You can track it from your account page. Thanks for shopping with us.",0
Security alert: unusual sign-in to your PayPal account,paypal.billing@gmail.com,Your payment failed. Update your billing information immediately to avoid losing access. Log in to http://paypal.account-update.top/ and confirm your password and credit card details.,1
Confirm your identity to avoid account closure,fedex-support@fedex-alerts.top,Attached is an overdue invoice. Please make a wire transfer to the account below as soon as possible. Legal action may follow. Confirm at http://fedex.account-update.top/,1
Action required: verify your Apple password,security@apple.verify-212.top,Your payment failed. Update your billing information immediately to avoid losing access. Log in to http://bit.ly/fjigfa and confirm your password and credit card details.,1
Reminder: design handoff review on Friday,maria.k@contoso.com,"Hi Lena, thanks for joining the call. I have attached the notes for the design handoff. Let me know if I missed anything and we can discuss it on Monday.",0
vendor review - notes from today's meeting,riya.r@acme.com,"Hey Omar, are you free for lunch on Thursday? There is a new place near the office. Happy to move it if the vendor review review runs late.",0
Your PayPal package could not be delivered,security@paypal.verify-564.tk,Final warning: your mailbox is full. Sign in to http://paypal-secure-login.click/verify and enter your password to re-activate your account. Failure to comply will result in permanent closure.,1
Re: onboarding deck,omar.r@contoso.com,"Hi Jordan, thanks for joining the call. I have attached the notes for the onboarding deck. Let me know if I missed anything and we can discuss it on Monday.",0
You have won a Netflix gift card - claim now,netflix-support@netflix-alerts.work,Congratulations! You have won a prize. To claim your reward send your bank account and routing number or buy a gift card and reply with the code. Act now: http://78.182.112.62/login,1
Thanks for your help with the design handoff,sam.m@acme.com,"Hello Alex, your order #90747 has shipped and should arrive in three to five business days. You can track it from your account page. Thanks for shopping with us.",0
Thanks for your help with the sprint retro,tom.r@northwind.io,"Hello Priya, your order #38697 has shipped and should arrive in three to five business days. You can track it from your account page. Thanks for shopping with us. Details: https://northwind.io/docs/300",0
Lunch on Thursday?,priya.r@acme.com,"Thank you for your purchase. Your receipt is attached. If you have any questions about the invoice, reply to this email and our team will help.",0
Receipt for your purchase,alex.s@initech.com,"Team, here is the weekly update. The design handoff is on track, QA found two minor issues which are already fixed. Please review the document before our sync tomorrow. Details: https://initech.com/docs/336",0
Your order has shipped,chen.m@example.org,"Hi Chen, I reviewed the vendor review and left a few comments in the shared document. Overall it looks good. Could you update the numbers before we send it out?",0
budget draft - notes from today's meeting,sam.m@acme.com,"Hey Omar, are you free for lunch on Thursday? There is a new place near the office. Happy to move it if the budget draft review runs late.",0
You have won a Dropbox gift card - claim now,security@dropbox.verify-495.icu,Final warning: your mailbox is full. Sign in to http://dropbox-secure-login.top/verify and enter your password to re-activate your account. Failure to comply will result in permanent closure.,1
Re: budget draft,alex.m@acme.com,"Team, here is the weekly update. The budget draft is on track, QA found two minor issues which are already fixed. Please review the document before our sync tomorrow. Details: https://acme.com/docs/409",0
Receipt for your purchase,priya.k@initech.com,"Hi Jordan, thanks for joining the call. I have attached the notes for the budget draft. Let me know if I missed anything and we can discuss it on Monday. Details: https://initech.com/docs/268",0
Urgent: your FedEx account has been suspended,fedex.billing@gmail.com,"Dear customer, we detected unusual activity on your FedEx account. Your account will be suspended within 24 hours unless you verify your identity. Click here to verify your account: http://fedex.account-update.tk/",1
Re: budget draft,maria.s@contoso.com,"Thank you for your purchase. Your receipt is attached. If you have any questions about the invoice, reply to this email and our team will help.",0
Urgent: your Apple account has been suspended,apple-support@apple-alerts.xyz,Your payment failed. Update your billing information immediately to avoid losing access. Log in to http://19.167.238.178/login and confirm your password and credit card details.,1
Lunch on Thursday?,priya.k@contoso.com,"Thank you for your purchase. Your receipt is attached. If you have any questions about the invoice, reply to this email and our team will help.",0
Your order has shipped,lena.s@northwind.io,"Thank you for your purchase. Your receipt is attached. If you have any questions about the invoice, reply to this email and our team will help. Details: https://northwind.io/docs/199",0
Lunch on Thursday?,lena.k@contoso.com,"Thank you for your purchase. Your receipt is attached. If you have any questions about the invoice, reply to this email and our team will help. Details: https://contoso.com/docs/188",0
Action required: verify your DocuSign password,docusign.billing@gmail.com,Congratulations! You have won a prize. To claim your reward send your bank account and routing number or buy a gift card and reply with the code. Act now: http://docusign.account-update.xyz/,1
Thanks for your help with the release checklist,sam.m@northwind.io,"Hey Chen, are you free for lunch on Thursday? There is a new place near the office. Happy to move it if the release checklist review runs late.",0
Invoice overdue - immediate payment required,microsoft.billing@gmail.com,Final warning: your mailbox is full. Sign in to http://70.25.207.142/login and enter your password to re-activate your account. Failure to comply will result in permanent closure.,1
Receipt for your purchase,chen.k@contoso.com,"Hi Priya, thanks for joining the call. I have attached the notes for the release checklist. Let me know if I missed anything and we can discuss it on Monday.",0
onboarding deck - notes from today's meeting,sam.s@contoso.com,"Hello Riya, your order #55151 has shipped and should arrive in three to five business days. You can track it from your account page. Thanks for shopping with us.",0
Weekly team update,lena.s@example.org,"Hi Chen, thanks for joining the call. I have attached the notes for the design handoff. Let me know if I missed anything and we can discuss it on Monday.",0
Urgent: your Chase account has been suspended,security@chase.verify-315.click,"We could not deliver your parcel. Pay a small customs fee at http://bit.ly/3h6jfg using your credit card. This offer expires today, respond immediately.",1
Reminder: design handoff review on Friday,omar.m@northwind.io,"Hi Sam, I reviewed the design handoff and left a few comments in the shared document. Overall it looks good. Could you update the numbers before we send it out?",0
sprint retro - notes from today's meeting,lena.k@example.org,"Hey Priya, are you free for lunch on Thursday? There is a new place near the office. Happy to move it if the sprint retro review runs late.",0
Invoice overdue - immediate payment required,paypal.billing@gmail.com,Your payment failed. Update your billing information immediately to avoid losing access. Log in to http://13.201.12.175/login and confirm your password and credit card details.,1
Lunch on Thursday?,priya.r@example.org,"Team, here is the weekly update. The onboarding deck is on track, QA found two minor issues which are already fixed. Please review the document before our sync tomorrow.",0
Confirm your identity to avoid account closure,security@chase.verify-638.icu,Congratulations! You have won a prize. To claim your reward send your bank account and routing number or buy a gift card and reply with the code. Act now: http://bit.ly/4j1ff1,1
Thanks for your help with the budget draft,chen.m@contoso.com,"Hey Omar, are you free for lunch on Thursday? There is a new place near the office. Happy to move it if the budget draft review runs late.",0
sprint retro - notes from today's meeting,tom.k@initech.com,"Hi Sam, I reviewed the sprint retro and left a few comments in the shared document. Overall it looks good. Could you update the numbers before we send it out?",0
design handoff - notes from today's meeting,jordan.k@initech.com,"Team, here is the weekly update. The design handoff is on track, QA found two minor issues which are already fixed. Please review the document before our sync tomorrow.",0
Lunch on Thursday?,jordan.s@initech.com,"Hi Maria, thanks for joining the call. I have attached the notes for the release checklist. Let me know if I missed anything and we can discuss it on Monday.",0
Confirm your identity to avoid account closure,paypal.billing@gmail.com,Your payment failed. Update your billing information immediately to avoid losing access. Log in to http://paypal.account-update.tk/ and confirm your password and credit card details.,1
Security alert: unusual sign-in to your Amazon account,amazon.billing@gmail.com,Your payment failed. Update your billing information immediately to avoid losing access. Log in to http://149.115.70.234/login and confirm your password and credit card details.,1
Urgent: your DocuSign account has been suspended,docusign.billing@gmail.com,Attached is an overdue invoice. Please make a wire transfer to the account below as soon as possible. Legal action may follow. Confirm at http://docusign-secure-login.work/verify,1
Security alert: unusual sign-in to your Netflix account,netflix-support@netflix-alerts.tk,"We could not deliver your parcel. Pay a small customs fee at http://netflix-secure-login.tk/verify using your credit card. This offer expires today, respond immediately.",1
Your PayPal package could not be delivered,security@paypal.verify-189.xyz,Attached is an overdue invoice. Please make a wire transfer to the account below as soon as possible. Legal action may follow. Confirm at http://paypal-secure-login.work/verify,1
Invoice overdue - immediate payment required,dropbox.billing@gmail.com,Attached is an overdue invoice. Please make a wire transfer to the account below as soon as possible. Legal action may follow. Confirm at http://dropbox.account-update.work/,1
Thanks for your help with the onboarding deck,chen.m@example.org,"Hi Alex, thanks for joining the call. I have attached the notes for the onboarding deck. Let me know if I missed anything and we can discuss it on Monday. Details: https://example.org/docs/203",0
Lunch on Thursday?,priya.m@northwind.io,"Thank you for your purchase. Your receipt is attached. If you have any questions about the invoice, reply to this email and our team will help. Details: https://northwind.io/docs/422",0
Confirm your identity to avoid account closure,fedex.billing@gmail.com,Final warning: your mailbox is full. Sign in to http://bit.ly/ahefg6 and enter your password to re-activate your account. Failure to comply will result in permanent closure.,1
Weekly team update,maria.s@northwind.io,"Team, here is the weekly update. The release checklist is on track, QA found two minor issues which are already fixed. Please review the document before our sync tomorrow. Details: https://northwind.io/docs/139",0
Action required: verify your FedEx password,fedex-support@fedex-alerts.icu,"Dear customer, we detected unusual activity on your FedEx account. Your account will be suspended within 24 hours unless you verify your identity. Click here to verify your account: http://40.141.14.104/login",1
Invoice overdue - immediate payment required,security@apple.verify-833.tk,Attached is an overdue invoice. Please make a wire transfer to the account below as soon as possible. Legal action may follow. Confirm at http://209.2.24.68/login,1
Reminder: vendor review review on Friday,omar.s@contoso.com,"Hi Maria, I reviewed the vendor review and left a few comments in the shared document. Overall it looks good. Could you update the numbers before we send it out? Details: https://contoso.com/docs/460",0
budget draft - notes from today's meeting,jordan.r@contoso.com,"Team, here is the weekly update. The budget draft is on track, QA found two minor issues which are already fixed. Please review the document before our sync tomorrow.",0
Receipt for your purchase,chen.r@example.org,"Team, here is the weekly update. The budget draft is on track, QA found two minor issues which are already fixed. Please review the document before our sync tomorrow.",0
Urgent: your Amazon account has been suspended,security@amazon.verify-483.xyz,"We could not deliver your parcel. Pay a small customs fee at http://bit.ly/25f34k using your credit card. This offer expires today, respond immediately.",1
Your Netflix package could not be delivered,security@netflix.verify-590.icu,Final warning: your mailbox is full. Sign in to http://netflix-secure-login.click/verify and enter your password to re-activate your account. Failure to comply will result in permanent closure.,1
Action required: verify your Netflix password,netflix.billing@gmail.com,Congratulations! You have won a prize. To claim your reward send your bank account and routing number or buy a gift card and reply with the code. Act now: http://80.17.129.68/login,1
Lunch on Thursday?,sam.s@contoso.com,"Team, here is the weekly update. The design handoff is on track, QA found two minor issues which are already fixed. Please review the document before our sync tomorrow.",0
Weekly team update,maria.r@example.org,"Hi Omar, thanks for joining the call. I have attached the notes for the Q3 roadmap. Let me know if I missed anything and we can discuss it on Monday.",0
Action required: verify your Microsoft password,security@microsoft.verify-175.xyz,Congratulations! You have won a prize. To claim your reward send your bank account and routing number or buy a gift card and reply with the code. Act now: http://microsoft-secure-login.xyz/verify,1
Urgent: your Microsoft account has been suspended,microsoft.billing@gmail.com,Congratulations! You have won a prize. To claim your reward send your bank account and routing number or buy a gift card and reply with the code. Act now: http://microsoft-secure-login.tk/verify,1
Re: vendor review,chen.s@acme.com,"Thank you for your purchase. Your receipt is attached. If you have any questions about the invoice, reply to this email and our team will help.",0
Final notice: payment failed for your Amazon subscription,security@amazon.verify-542.icu,Your payment failed. Update your billing information immediately to avoid losing access. Log in to http://amazon.account-update.click/ and confirm your password and credit card details.,1
Action required: verify your Netflix password,netflix.billing@gmail.com,Congratulations! You have won a prize. To claim your reward send your bank account and routing number or buy a gift card and reply with the code. Act now: http://netflix.account-update.tk/,1
Action required: verify your LinkedIn password,linkedin.billing@gmail.com,Attached is an overdue invoice. Please make a wire transfer to the account below as soon as possible. Legal action may follow. Confirm at http://linkedin-secure-login.icu/verify,1
Receipt for your purchase,maria.s@initech.com,"Team, here is the weekly update. The vendor review is on track, QA found two minor issues which are already fixed. Please review the document before our sync tomorrow.",0
Security alert: unusual sign-in to your LinkedIn account,linkedin.billing@gmail.com,Attached is an overdue invoice. Please make a wire transfer to the account below as soon as possible. Legal action may follow. Confirm at http://linkedin-secure-login.work/verify,1
Your order has shipped,riya.m@initech.com,"Thank you for your purchase. Your receipt is attached. If you have any questions about the invoice, reply to this email and our team will help.",0
Final notice: payment failed for your DocuSign subscription,security@docusign.verify-953.click,"We could not deliver your parcel. Pay a small customs fee at http://docusign.account-update.top/ using your credit card. This offer expires today, respond immediately.",1
budget draft - notes from today's meeting,omar.k@initech.com,"Hi Lena, thanks for joining the call. I have attached the notes for the budget draft. Let me know if I missed anything and we can discuss it on Monday. Details: https://initech.com/docs/75",0
Security alert: unusual sign-in to your LinkedIn account,linkedin.billing@gmail.com,Congratulations! You have won a prize. To claim your reward send your bank account and routing number or buy a gift card and reply with the code. Act now: http://22.135.182.62/login,1
Receipt for your purchase,omar.r@contoso.com,"Hi Priya, I reviewed the budget draft and left a few comments in the shared document. Overall it looks good. Could you update the numbers before we send it out?",0
Thanks for your help with the release checklist,tom.k@acme.com,"Thank you for your purchase. Your receipt is attached. If you have any questions about the invoice, reply to this email and our team will help. Details: https://acme.com/docs/170",0
Urgent: your LinkedIn account has been suspended,linkedin.billing@gmail.com,Congratulations! You have won a prize. To claim your reward send your bank account and routing number or buy a gift card and reply with the code. Act now: http://linkedin-secure-login.xyz/verify,1
Your order has shipped,lena.r@acme.com,"Thank you for your purchase. Your receipt is attached. If you have any questions about the invoice, reply to this email and our team will help.",0
Your order has shipped,jordan.s@northwind.io,"Hi Maria, I reviewed the design handoff and left a few comments in the shared document. Overall it looks good. Could you update the numbers before we send it out?",0
You have won a Microsoft gift card - claim now,microsoft-support@microsoft-alerts.tk,"We could not deliver your parcel. Pay a small customs fee at http://microsoft-secure-login.top/verify using your credit card. This offer expires today, respond immediately.",1
Weekly team update,sam.m@example.org,"Hey Tom, are you free for lunch on Thursday? There is a new place near the office. Happy to move it if the onboarding deck review runs late.",0
Your DocuSign package could not be delivered,security@docusign.verify-826.tk,Attached is an overdue invoice. Please make a wire transfer to the account below as soon as possible. Legal action may follow. Confirm at http://docusign.account-update.top/,1
Weekly team update,omar.s@example.org,"Hi Lena, thanks for joining the call. I have attached the notes for the design handoff. Let me know if I missed anything and we can discuss it on Monday.",0
onboarding deck - notes from today's meeting,maria.k@example.org,"Hey Chen, are you free for lunch on Thursday? There is a new place near the office. Happy to move it if the onboarding deck review runs late.",0
Thanks for your help with the design handoff,sam.m@acme.com,"Hello Riya, your order #11786 has shipped and should arrive in three to five business days. You can track it from your account page. Thanks for shopping with us.",0
Security alert: unusual sign-in to your LinkedIn account,security@linkedin.verify-437.icu,"Dear customer, we detected unusual activity on your LinkedIn account. Your account will be suspended within 24 hours unless you verify your identity. Click here to verify your account: http://linkedin.account-update.work/",1
Re: design handoff,tom.s@northwind.io,"Thank you for your purchase. Your receipt is attached. If you have any questions about the invoice, reply to this email and our team will help.",0
Your Dropbox package could not be delivered,dropbox-support@dropbox-alerts.icu,Your payment failed. Update your billing information immediately to avoid losing access. Log in to http://dropbox.account-update.icu/ and confirm your password and credit card details.,1
Weekly team update,riya.r@initech.com,"Hi Chen, thanks for joining the call. I have attached the notes for the sprint retro. Let me know if I missed anything and we can discuss it on Monday.",0
Your Dropbox package could not be delivered,dropbox-support@dropbox-alerts.click,"We could not deliver your parcel. Pay a small customs fee at http://dropbox.account-update.work/ using your credit card. This offer expires today, respond immediately.",1
Re: vendor review,maria.s@acme.com,"Hi Maria, I reviewed the vendor review and left a few comments in the shared document. Overall it looks good. Could you update the numbers before we send it out?",0
Security alert: unusual sign-in to your Dropbox account,security@dropbox.verify-985.top,Your payment failed. Update your billing information immediately to avoid losing access. Log in to http://bit.ly/e3decj and confirm your password and credit card details.,1
Re: budget draft,alex.m@contoso.com,"Team, here is the weekly update. The budget draft is on track, QA found two minor issues which are already fixed. Please review the document before our sync tomorrow.",0
Your order has shipped,chen.r@northwind.io,"Thank you for your purchase. Your receipt is attached. If you have any questions about the invoice, reply to this email and our team will help. Details: https://northwind.io/docs/211",0
Final notice: payment failed for your Apple subscription,apple.billing@gmail.com,"Dear customer, we detected unusual activity on your Apple account. Your account will be suspended within 24 hours unless you verify your identity. Click here to verify your account: http://apple-secure-login.top/verify",1
Action required: verify your PayPal password,security@paypal.verify-479.top,"Dear customer, we detected unusual activity on your PayPal account. Your account will be suspended within 24 hours unless you verify your identity. Click here to verify your account: http://116.45.67.46/login",1
Final notice: payment failed for your Dropbox subscription,dropbox-support@dropbox-alerts.tk,Attached is an overdue invoice. Please make a wire transfer to the account below as soon as possible. Legal action may follow. Confirm at http://dropbox.account-update.click/,1
Re: budget draft,riya.m@northwind.io,"Team, here is the weekly update. The budget draft is on track, QA found two minor issues which are already fixed. Please review the document before our sync tomorrow.",0
Reminder: vendor review review on Friday,priya.r@initech.com,"Hi Lena, I reviewed the vendor review and left a few comments in the shared document. Overall it looks good. Could you update the numbers before we send it out?",0
You have won a Apple gift card - claim now,apple-support@apple-alerts.top,Congratulations! You have won a prize. To claim your reward send your bank account and routing number or buy a gift card and reply with the code. Act now: http://apple-secure-login.xyz/verify,1
Reminder: budget draft review on Friday,riya.r@northwind.io,"Hello Lena, your order #99408 has shipped and should arrive in three to five business days. You can track it from your account page. Thanks for shopping with us. Details: https://northwind.io/docs/93",0
Your order has shipped,sam.r@northwind.io,"Hi Omar, I reviewed the vendor review and left a few comments in the shared document. Overall it looks good. Could you update the numbers before we send it out?",0
Final notice: payment failed for your LinkedIn subscription,security@linkedin.verify-763.top,Attached is an overdue invoice. Please make a wire transfer to the account below as soon as possible. Legal action may follow. Confirm at http://133.78.163.232/login,1
Lunch on Thursday?,tom.m@example.org,"Hi Omar, thanks for joining the call. I have attached the notes for the onboarding deck. Let me know if I missed anything and we can discuss it on Monday.",0
Confirm your identity to avoid account closure,docusign-support@docusign-alerts.xyz,Attached is an overdue invoice. Please make a wire transfer to the account below as soon as possible. Legal action may follow. Confirm at http://docusign-secure-login.click/verify,1
You have won a Amazon gift card - claim now,amazon-support@amazon-alerts.click,Congratulations! You have won a prize. To claim your reward send your bank account and routing number or buy a gift card and reply with the code. Act now: http://amazon.account-update.click/,1
Your order has shipped,alex.k@acme.com,"Hey Maria, are you free for lunch on Thursday? There is a new place near the office. Happy to move it if the design handoff review runs late.",0
Thanks for your help with the release checklist,omar.r@example.org,"Hi Priya, thanks for joining the call. I have attached the notes for the release checklist. Let me know if I missed anything and we can discuss it on Monday.",0
Invoice overdue - immediate payment required,amazon-support@amazon-alerts.work,"Dear customer, we detected unusual activity on your Amazon account. Your account will be suspended within 24 hours unless you verify your identity. Click here to verify your account: http://amazon.account-update.click/",1
Security alert: unusual sign-in to your FedEx account,security@fedex.verify-815.top,Final warning: your mailbox is full. Sign in to http://fedex-secure-login.xyz/verify and enter your password to re-activate your account. Failure to comply will result in permanent closure.,1
Q3 roadmap - notes from today's meeting,maria.r@example.org,"Hi Sam, thanks for joining the call. I have attached the notes for the Q3 roadmap. Let me know if I missed anything and we can discuss it on Monday.",0
Weekly team update,chen.s@example.org,"Thank you for your purchase. Your receipt is attached. If you have any questions about the invoice, reply to this email and our team will help.",0
Invoice overdue - immediate payment required,chase.billing@gmail.com,Attached is an overdue invoice. Please make a wire transfer to the account below as soon as possible. Legal action may follow. Confirm at http://bit.ly/g2hd2a,1
Re: budget draft,chen.r@acme.com,"Team, here is the weekly update. The budget draft is on track, QA found two minor issues which are already fixed. Please review the document before our sync tomorrow.",0
Re: Q3 roadmap,tom.m@contoso.com,"Team, here is the weekly update. The Q3 roadmap is on track, QA found two minor issues which are already fixed. Please review the document before our sync tomorrow.",0
Final notice: payment failed for your Chase subscription,security@chase.verify-312.tk,Final warning: your mailbox is full. Sign in to http://87.66.190.190/login and enter your password to re-activate your account. Failure to comply will result in permanent closure.,1
sprint retro - notes from today's meeting,chen.r@acme.com,"Team, here is the weekly update. The sprint retro is on track, QA found two minor issues which are already fixed. Please review the document before our sync tomorrow. Details: https://acme.com/docs/114",0
Invoice overdue - immediate payment required,security@apple.verify-727.top,Final warning: your mailbox is full. Sign in to http://bit.ly/bjh5ib and enter your password to re-activate your account. Failure to comply will result in permanent closure.,1
Your order has shipped,maria.m@acme.com,"Thank you for your purchase. Your receipt is attached. If you have any questions about the invoice, reply to this email and our team will help. Details: https://acme.com/docs/100",0
Security alert: unusual sign-in to your DocuSign account,docusign.billing@gmail.com,Congratulations! You have won a prize. To claim your reward send your bank account and routing number or buy a gift card and reply with the code. Act now: http://docusign.account-update.work/,1
Confirm your identity to avoid account closure,security@linkedin.verify-581.top,Attached is an overdue invoice. Please make a wire transfer to the account below as soon as possible. Legal action may follow. Confirm at http://153.131.222.31/login,1
Your Amazon package could not be delivered,security@amazon.verify-954.click,Attached is an overdue invoice. Please make a wire transfer to the account below as soon as possible. Legal action may follow. Confirm at http://amazon.account-update.top/,1
Action required: verify your FedEx password,fedex-support@fedex-alerts.tk,Congratulations! You have won a prize. To claim your reward send your bank account and routing number or buy a gift card and reply with the code. Act now: http://fedex.account-update.xyz/,1
Final notice: payment failed for your DocuSign subscription,security@docusign.verify-704.icu,Your payment failed. Update your billing information immediately to avoid losing access. Log in to http://docusign.account-update.icu/ and confirm your password and credit card details.,1
onboarding deck - notes from today's meeting,riya.k@example.org,"Hi Priya, I reviewed the onboarding deck and left a few comments in the shared document. Overall it looks good. Could you update the numbers before we send it out?",0
Urgent: your Apple account has been suspended,apple.billing@gmail.com,Your payment failed. Update your billing information immediately to avoid losing access. Log in to http://apple.account-update.tk/ and confirm your password and credit card details.,1
onboarding deck - notes from today's meeting,maria.s@example.org,"Hey Jordan, are you free for lunch on Thursday? There is a new place near the office. Happy to move it if the onboarding deck review runs late. Details: https://example.org/docs/434",0
Security alert: unusual sign-in to your Apple account,apple-support@apple-alerts.work,Your payment failed. Update your billing information immediately to avoid losing access. Log in to http://apple.account-update.tk/ and confirm your password and credit card details.,1
Urgent: your LinkedIn account has been suspended,linkedin.billing@gmail.com,Your payment failed. Update your billing information immediately to avoid losing access. Log in to http://bit.ly/af1fga and confirm your password and credit card details.,1
Final notice: payment failed for your Apple subscription,apple.billing@gmail.com,Your payment failed. Update your billing information immediately to avoid losing access. Log in to http://apple.account-update.click/ and confirm your password and credit card details.,1
You have won a Microsoft gift card - claim now,microsoft.billing@gmail.com,"We could not deliver your parcel. Pay a small customs fee at http://bit.ly/46dh5a using your credit card. This offer expires today, respond immediately.",1
Action required: verify your Apple password,security@apple.verify-344.icu,Congratulations! You have won a prize. To claim your reward send your bank account and routing number or buy a gift card and reply with the code. Act now: http://apple.account-update.xyz/,1
You have won a Microsoft gift card - claim now,security@microsoft.verify-538.click,Congratulations! You have won a prize. To claim your reward send your bank account and routing number or buy a gift card and reply with the code. Act now: http://microsoft.account-update.click/,1
Receipt for your purchase,priya.s@acme.com,"Team, here is the weekly update. The release checklist is on track, QA found two minor issues which are already fixed. Please review the document before our sync tomorrow.",0
Re: Q3 roadmap,priya.m@example.org,"Thank you for your purchase. Your receipt is attached. If you have any questions about the invoice, reply to this email and our team will help. Details: https://example.org/docs/223",0
Urgent: your FedEx account has been suspended,security@fedex.verify-977.click,"Dear customer, we detected unusual activity on your FedEx account. Your account will be suspended within 24 hours unless you verify your identity. Click here to verify your account: http://fedex.account-update.work/",1
Receipt for your purchase,jordan.s@initech.com,"Thank you for your purchase. Your receipt is attached. If you have any questions about the invoice, reply to this email and our team will help.",0
Re: release checklist,jordan.r@contoso.com,"Hi Omar, thanks for joining the call. I have attached the notes for the release checklist. Let me know if I missed anything and we can discuss it on Monday.",0
Re: budget draft,omar.k@example.org,"Team, here is the weekly update. The budget draft is on track, QA found two minor issues which are already fixed. Please review the document before our sync tomorrow.",0
Confirm your identity to avoid account closure,netflix.billing@gmail.com,"Dear customer, we detected unusual activity on your Netflix account. Your account will be suspended within 24 hours unless you verify your identity. Click here to verify your account: http://netflix.account-update.work/",1
Action required: verify your DocuSign password,security@docusign.verify-857.xyz,"We could not deliver your parcel. Pay a small customs fee at http://docusign-secure-login.work/verify using your credit card. This offer expires today, respond immediately.",1
Invoice overdue - immediate payment required,amazon.billing@gmail.com,Attached is an overdue invoice. Please make a wire transfer to the account below as soon as possible. Legal action may follow. Confirm at http://71.9.120.220/login,1
Lunch on Thursday?,jordan.k@initech.com,"Thank you for your purchase. Your receipt is attached. If you have any questions about the invoice, reply to this email and our team will help. Details: https://initech.com/docs/219",0
Receipt for your purchase,alex.r@initech.com,"Hello Maria, your order #26304 has shipped and should arrive in three to five business days. You can track it from your account page. Thanks for shopping with us.",0
Reminder: budget draft review on Friday,jordan.s@example.org,"Hi Lena, I reviewed the budget draft and left a few comments in the shared document. Overall it looks good. Could you update the numbers before we send it out?",0
Confirm your identity to avoid account closure,netflix.billing@gmail.com,Congratulations! You have won a prize. To claim your reward send your bank account and routing number or buy a gift card and reply with the code. Act now: http://netflix.account-update.work/,1
Confirm your identity to avoid account closure,apple-support@apple-alerts.icu,Congratulations! You have won a prize. To claim your reward send your bank account and routing number or buy a gift card and reply with the code. Act now: http://apple.account-update.work/,1
onboarding deck - notes from today's meeting,jordan.k@contoso.com,"Thank you for your purchase. Your receipt is attached. If you have any questions about the invoice, reply to this email and our team will help. Details: https://contoso.com/docs/214",0
Your order has shipped,sam.k@acme.com,"Thank you for your purchase. Your receipt is attached. If you have any questions about the invoice, reply to this email and our team will help.",0
Security alert: unusual sign-in to your DocuSign account,docusign-support@docusign-alerts.work,Congratulations! You have won a prize. To claim your reward send your bank account and routing number or buy a gift card and reply with the code. Act now: http://179.95.115.129/login,1
You have won a Amazon gift card - claim now,security@amazon.verify-907.tk,Attached is an overdue invoice. Please make a wire transfer to the account below as soon as possible. Legal action may follow. Confirm at http://amazon.account-update.click/,1
Final notice: payment failed for your Netflix subscription,security@netflix.verify-564.work,"Dear customer, we detected unusual activity on your Netflix account. Your account will be suspended within 24 hours unless you verify your identity. Click here to verify your account: http://15.154.132.164/login",1
Your Dropbox package could not be delivered,dropbox.billing@gmail.com,Final warning: your mailbox is full. Sign in to http://103.119.195.187/login and enter your password to re-activate your account. Failure to comply will result in permanent closure.,1
budget draft - notes from today's meeting,sam.m@contoso.com,"Hello Alex, your order #11578 has shipped and should arrive in three to five business days. You can track it from your account page. Thanks for shopping with us. Details: https://contoso.com/docs/432",0
Action required: verify your DocuSign password,security@docusign.verify-849.top,"Dear customer, we detected unusual activity on your DocuSign account. Your account will be suspended within 24 hours unless you verify your identity. Click here to verify your account: http://bit.ly/c1hhaj",1
Security alert: unusual sign-in to your Chase account,chase-support@chase-alerts.click,Attached is an overdue invoice. Please make a wire transfer to the account below as soon as possible. Legal action may follow. Confirm at http://chase.account-update.tk/,1
Action required: verify your LinkedIn password,linkedin-support@linkedin-alerts.icu,"We could not deliver your parcel. Pay a small customs fee at http://linkedin-secure-login.top/verify using your credit card. This offer expires today, respond immediately.",1
Lunch on Thursday?,priya.m@northwind.io,"Hi Priya, thanks for joining the call. I have attached the notes for the Q3 roadmap. Let me know if I missed anything and we can discuss it on Monday.",0
Lunch on Thursday?,maria.k@northwind.io,"Thank you for your purchase. Your receipt is attached. If you have any questions about the invoice, reply to this email and our team will help.",0
Thanks for your help with the onboarding deck,tom.r@contoso.com,"Thank you for your purchase. Your receipt is attached. If you have any questions about the invoice, reply to this email and our team will help.",0
Final notice: payment failed for your Chase subscription,chase-support@chase-alerts.icu,Attached is an overdue invoice. Please make a wire transfer to the account below as soon as possible. Legal action may follow. Confirm at http://53.169.117.244/login,1
Weekly team update,maria.m@contoso.com,"Hey Alex, are you free for lunch on Thursday? There is a new place near the office. Happy to move it if the design handoff review runs late.",0
Invoice overdue - immediate payment required,docusign-support@docusign-alerts.top,Your payment failed. Update your billing information immediately to avoid losing access. Log in to http://docusign-secure-login.icu/verify and confirm your password and credit card details.,1
Thanks for your help with the vendor review,alex.r@initech.com,"Hello Lena, your order #56553 has shipped and should arrive in three to five business days. You can track it from your account page. Thanks for shopping with us.",0
Confirm your identity to avoid account closure,microsoft.billing@gmail.com,Your payment failed. Update your billing information immediately to avoid losing access. Log in to http://107.23.141.109/login and confirm your password and credit card details.,1
Receipt for your purchase,chen.r@example.org,"Team, here is the weekly update. The budget draft is on track, QA found two minor issues which are already fixed. Please review the document before our sync tomorrow.",0
Final notice: payment failed for your Amazon subscription,amazon.billing@gmail.com,Final warning: your mailbox is full. Sign in to http://19.241.125.247/login and enter your password to re-activate your account. Failure to comply will result in permanent closure.,1
Thanks for your help with the Q3 roadmap,maria.k@example.org,"Hi Jordan, thanks for joining the call. I have attached the notes for the Q3 roadmap. Let me know if I missed anything and we can discuss it on Monday.",0
Re: vendor review,priya.s@northwind.io,"Thank you for your purchase. Your receipt is attached. If you have any questions about the invoice, reply to this email and our team will help.",0
Action required: verify your FedEx password,fedex-support@fedex-alerts.icu,Final warning: your mailbox is full. Sign in to http://fedex.account-update.click/ and enter your password to re-activate your account. Failure to comply will result in permanent closure.,1
Thanks for your help with the sprint retro,jordan.s@initech.com,"Hi Maria, I reviewed the sprint retro and left a few comments in the shared document. Overall it looks good. Could you update the numbers before we send it out? Details: https://initech.com/docs/314",0
Receipt for your purchase,sam.s@northwind.io,"Hi Alex, thanks for joining the call. I have attached the notes for the budget draft. Let me know if I missed anything and we can discuss it on Monday.",0
Receipt for your purchase,maria.r@acme.com,"Hi Tom, I reviewed the onboarding deck and left a few comments in the shared document. Overall it looks good. Could you update the numbers before we send it out?",0
onboarding deck - notes from today's meeting,lena.k@acme.com,"Hello Chen, your order #89605 has shipped and should arrive in three to five business days. You can track it from your account page. Thanks for shopping with us.",0
release checklist - notes from today's meeting,jordan.k@northwind.io,"Hi Alex, thanks for joining the call. I have attached the notes for the release checklist. Let me know if I missed anything and we can discuss it on Monday. Details: https://northwind.io/docs/164",0
Lunch on Thursday?,riya.k@initech.com,"Hi Chen, I reviewed the design handoff and left a few comments in the shared document. Overall it looks good. Could you update the numbers before we send it out? Details: https://initech.com/docs/116",0
Action required: verify your Chase password,chase-support@chase-alerts.top,Final warning: your mailbox is full. Sign in to http://bit.ly/diah6h and enter your password to re-activate your account. Failure to comply will result in permanent closure.,1
Action required: verify your Microsoft password,microsoft.billing@gmail.com,"Dear customer, we detected unusual activity on your Microsoft account. Your account will be suspended within 24 hours unless you verify your identity. Click here to verify your account: http://microsoft-secure-login.top/verify",1
Thanks for your help with the vendor review,jordan.s@contoso.com,"Team, here is the weekly update. The vendor review is on track, QA found two minor issues which are already fixed. Please review the document before our sync tomorrow.",0
Security alert: unusual sign-in to your Amazon account,security@amazon.verify-449.icu,"We could not deliver your parcel. Pay a small customs fee at http://188.234.20.166/login using your credit card. This offer expires today, respond immediately.",1
Invoice overdue - immediate payment required,security@fedex.verify-303.work,Congratulations! You have won a prize. To claim your reward send your bank account and routing number or buy a gift card and reply with the code. Act now: http://115.105.108.88/login,1
Confirm your identity to avoid account closure,fedex.billing@gmail.com,Final warning: your mailbox is full. Sign in to http://fedex.account-update.xyz/ and enter your password to re-activate your account. Failure to comply will result in permanent closure.,1
Reminder: vendor review review on Friday,priya.r@example.org,"Hi Maria, I reviewed the vendor review and left a few comments in the shared document. Overall it looks good. Could you update the numbers before we send it out?",0
Lunch on Thursday?,riya.k@acme.com,"Thank you for your purchase. Your receipt is attached. If you have any questions about the invoice, reply to this email and our team will help.",0
Confirm your identity to avoid account closure,paypal-support@paypal-alerts.work,Congratulations! You have won a prize. To claim your reward send your bank account and routing number or buy a gift card and reply with the code. Act now: http://bit.ly/ga4ggf,1
Thanks for your help with the design handoff,priya.s@initech.com,"Team, here is the weekly update. The design handoff is on track, QA found two minor issues which are already fixed. Please review the document before our sync tomorrow. Details: https://initech.com/docs/181",0
Security alert: unusual sign-in to your Chase account,chase-support@chase-alerts.tk,Attached is an overdue invoice. Please make a wire transfer to the account below as soon as possible. Legal action may follow. Confirm at http://bit.ly/kha4ge,1
Urgent: your Apple account has been suspended,apple-support@apple-alerts.icu,Attached is an overdue invoice. Please make a wire transfer to the account below as soon as possible. Legal action may follow. Confirm at http://31.20.12.30/login,1
Final notice: payment failed for your Apple subscription,security@apple.verify-837.top,Your payment failed. Update your billing information immediately to avoid losing access. Log in to http://apple-secure-login.work/verify and confirm your password and credit card details.,1
Reminder: Q3 roadmap review on Friday,priya.s@initech.com,"Hello Jordan, your order #24772 has shipped and should arrive in three to five business days. You can track it from your account page. Thanks for shopping with us.",0
Your LinkedIn package could not be delivered,linkedin.billing@gmail.com,"We could not deliver your parcel. Pay a small customs fee at http://linkedin-secure-login.xyz/verify using your credit card. This offer expires today, respond immediately.",1
Receipt for your purchase,riya.k@northwind.io,"Thank you for your purchase. Your receipt is attached. If you have any questions about the invoice, reply to this email and our team will help.",0
Security alert: unusual sign-in to your PayPal account,paypal.billing@gmail.com,Congratulations! You have won a prize. To claim your reward send your bank account and routing number or buy a gift card and reply with the code. Act now: http://paypal.account-update.icu/,1
Lunch on Thursday?,priya.s@initech.com,"Team, here is the weekly update. The budget draft is on track, QA found two minor issues which are already fixed. Please review the document before our sync tomorrow. Details: https://initech.com/docs/479",0
Q3 roadmap - notes from today's meeting,maria.s@acme.com,"Hello Chen, your order #58403 has shipped and should arrive in three to five business days. You can track it from your account page. Thanks for shopping with us.",0
Reminder: onboarding deck review on Friday,chen.s@northwind.io,"Hi Priya, thanks for joining the call. I have attached the notes for the onboarding deck. Let me know if I missed anything and we can discuss it on Monday.",0
Your Netflix package could not be delivered,netflix.billing@gmail.com,Final warning: your mailbox is full. Sign in to http://netflix.account-update.top/ and enter your password to re-activate your account. Failure to comply will result in permanent closure.,1
Reminder: design handoff review on Friday,riya.k@northwind.io,"Hi Tom, thanks for joining the call. I have attached the notes for the design handoff. Let me know if I missed anything and we can discuss it on Monday. Details: https://northwind.io/docs/124",0
Confirm your identity to avoid account closure,security@fedex.verify-865.top,"Dear customer, we detected unusual activity on your FedEx account. Your account will be suspended within 24 hours unless you verify your identity. Click here to verify your account: http://bit.ly/chfgga",1
Final notice: payment failed for your Chase subscription,chase.billing@gmail.com,Final warning: your mailbox is full. Sign in to http://bit.ly/j3da2d and enter your password to re-activate your account. Failure to comply will result in permanent closure.,1
Reminder: Q3 roadmap review on Friday,tom.r@example.org,"Hey Jordan, are you free for lunch on Thursday? There is a new place near the office. Happy to move it if the Q3 roadmap review runs late.",0
Receipt for your purchase,chen.s@example.org,"Hi Jordan, thanks for joining the call. I have attached the notes for the Q3 roadmap. Let me know if I missed anything and we can discuss it on Monday.",0
Re: onboarding deck,chen.k@initech.com,"Hey Maria, are you free for lunch on Thursday? There is a new place near the office. Happy to move it if the onboarding deck review runs late.",0
Invoice overdue - immediate payment required,fedex.billing@gmail.com,Your payment failed. Update your billing information immediately to avoid losing access. Log in to http://202.180.203.100/login and confirm your password and credit card details.,1
Confirm your identity to avoid account closure,netflix-support@netflix-alerts.icu,Attached is an overdue invoice. Please make a wire transfer to the account below as soon as possible. Legal action may follow. Confirm at http://netflix.account-update.xyz/,1
Weekly team update,priya.k@contoso.com,"Team, here is the weekly update. The vendor review is on track, QA found two minor issues which are already fixed. Please review the document before our sync tomorrow.",0
Re: vendor review,omar.m@contoso.com,"Hi Jordan, I reviewed the vendor review and left a few comments in the shared document. Overall it looks good. Could you update the numbers before we send it out?",0
Your order has shipped,priya.k@northwind.io,"Team, here is the weekly update. The vendor review is on track, QA found two minor issues which are already fixed. Please review the document before our sync tomorrow.",0
Your Chase package could not be delivered,chase.billing@gmail.com,Congratulations! You have won a prize. To claim your reward send your bank account and routing number or buy a gift card and reply with the code. Act now: http://chase.account-update.top/,1
Weekly team update,alex.r@northwind.io,"Hello Chen, your order #84487 has shipped and should arrive in three to five business days. You can track it from your account page. Thanks for shopping with us.",0
Your order has shipped,priya.s@example.org,"Hi Alex, thanks for joining the call. I have attached the notes for the onboarding deck. Let me know if I missed anything and we can discuss it on Monday.",0
Lunch on Thursday?,riya.k@initech.com,"Team, here is the weekly update. The sprint retro is on track, QA found two minor issues which are already fixed. Please review the document before our sync tomorrow.",0
Your order has shipped,chen.r@example.org,"Team, here is the weekly update. The Q3 roadmap is on track, QA found two minor issues which are already fixed. Please review the document before our sync tomorrow.",0
Your Chase package could not be delivered,chase-support@chase-alerts.work,Congratulations! You have won a prize. To claim your reward send your bank account and routing number or buy a gift card and reply with the code. Act now: http://34.82.62.95/login,1
Your PayPal package could not be delivered,paypal.billing@gmail.com,Congratulations! You have won a prize. To claim your reward send your bank account and routing number or buy a gift card and reply with the code. Act now: http://bit.ly/ab4bje,1
Reminder: design handoff review on Friday,tom.m@acme.com,"Team, here is the weekly update. The design handoff is on track, QA found two minor issues which are already fixed. Please review the document before our sync tomorrow.",0
onboarding deck - notes from today's meeting,omar.m@northwind.io,"Hello Priya, your order #38771 has shipped and should arrive in three to five business days. You can track it from your account page. Thanks for shopping with us.",0
Lunch on Thursday?,tom.s@initech.com,"Hello Maria, your order #92244 has shipped and should arrive in three to five business days. You can track it from your account page. Thanks for shopping with us. Details: https://initech.com/docs/293",0
release checklist - notes from today's meeting,alex.m@acme.com,"Hi Jordan, thanks for joining the call. I have attached the notes for the release checklist. Let me know if I missed anything and we can discuss it on Monday.",0
Your DocuSign package could not be delivered,security@docusign.verify-515.tk,Your payment failed. Update your billing information immediately to avoid losing access. Log in to http://docusign-secure-login.work/verify and confirm your password and credit card details.,1
Confirm your identity to avoid account closure,dropbox.billing@gmail.com,"We could not deliver your parcel. Pay a small customs fee at http://dropbox.account-update.xyz/ using your credit card. This offer expires today, respond immediately.",1
Re: Q3 roadmap,omar.m@contoso.com,"Hey Lena, are you free for lunch on Thursday? There is a new place near the office. Happy to move it if the Q3 roadmap review runs late.",0
Your order has shipped,chen.s@acme.com,"Hi Maria, I reviewed the onboarding deck and left a few comments in the shared document. Overall it looks good. Could you update the numbers before we send it out?",0
Invoice overdue - immediate payment required,security@apple.verify-926.icu,"Dear customer, we detected unusual activity on your Apple account. Your account will be suspended within 24 hours unless you verify your identity. Click here to verify your account: http://apple-secure-login.work/verify",1
Re: sprint retro,riya.r@northwind.io,"Hi Lena, I reviewed the sprint retro and left a few comments in the shared document. Overall it looks good. Could you update the numbers before we send it out? Details: https://northwind.io/docs/413",0
Urgent: your PayPal account has been suspended,security@paypal.verify-444.work,Congratulations! You have won a prize. To claim your reward send your bank account and routing number or buy a gift card and reply with the code. Act now: http://bit.ly/4kebb2,1
Your PayPal package could not be delivered,paypal.billing@gmail.com,Attached is an overdue invoice. Please make a wire transfer to the account below as soon as possible. Legal action may follow. Confirm at http://bit.ly/2fc612,1
design handoff - notes from today's meeting,jordan.s@initech.com,"Team, here is the weekly update. The design handoff is on track, QA found two minor issues which are already fixed. Please review the document before our sync tomorrow.",0
Your Netflix package could not be delivered,netflix.billing@gmail.com,"Dear customer, we detected unusual activity on your Netflix account. Your account will be suspended within 24 hours unless you verify your identity. Click here to verify your account: http://netflix.account-update.top/",1
Re: design handoff,tom.m@northwind.io,"Hello Priya, your order #14993 has shipped and should arrive in three to five business days. You can track it from your account page. Thanks for shopping with us. Details: https://northwind.io/docs/83",0
Security alert: unusual sign-in to your Microsoft account,microsoft-support@microsoft-alerts.icu,Final warning: your mailbox is full. Sign in to http://bit.ly/ead5c1 and enter your password to re-activate your account. Failure to comply will result in permanent closure.,1
design handoff - notes from today's meeting,sam.r@acme.com,"Hey Chen, are you free for lunch on Thursday? There is a new place near the office. Happy to move it if the design handoff review runs late. Details: https://acme.com/docs/28",0
Security alert: unusual sign-in to your Amazon account,security@amazon.verify-176.tk,Final warning: your mailbox is full. Sign in to http://amazon-secure-login.tk/verify and enter your password to re-activate your account. Failure to comply will result in permanent closure.,1
Thanks for your help with the Q3 roadmap,riya.m@example.org,"Team, here is the weekly update. The Q3 roadmap is on track, QA found two minor issues which are already fixed. Please review the document before our sync tomorrow.",0
Your FedEx package could not be delivered,security@fedex.verify-108.click,Attached is an overdue invoice. Please make a wire transfer to the account below as soon as possible. Legal action may follow. Confirm at http://29.105.62.147/login,1
Re: sprint retro,jordan.r@acme.com,"Hey Omar, are you free for lunch on Thursday? There is a new place near the office. Happy to move it if the sprint retro review runs late.",0
Confirm your identity to avoid account closure,security@docusign.verify-362.xyz,"Dear customer, we detected unusual activity on your DocuSign account. Your account will be suspended within 24 hours unless you verify your identity. Click here to verify your account: http://docusign.account-update.tk/",1
Final notice: payment failed for your PayPal subscription,paypal.billing@gmail.com,Your payment failed. Update your billing information immediately to avoid losing access. Log in to http://106.30.195.83/login and confirm your password and credit card details.,1
Re: sprint retro,priya.s@northwind.io,"Hi Sam, thanks for joining the call. I have attached the notes for the sprint retro. Let me know if I missed anything and we can discuss it on Monday.",0
Lunch on Thursday?,maria.s@contoso.com,"Hi Riya, thanks for joining the call. I have attached the notes for the release checklist. Let me know if I missed anything and we can discuss it on Monday.",0
Weekly team update,lena.s@contoso.com,"Hi Lena, I reviewed the onboarding deck and left a few comments in the shared document. Overall it looks good. Could you update the numbers before we send it out?",0
Your order has shipped,sam.s@example.org,"Hello Alex, your order #11088 has shipped and should arrive in three to five business days. You can track it from your account page. Thanks for shopping with us.",0
Receipt for your purchase,sam.r@contoso.com,"Team, here is the weekly update. The vendor review is on track, QA found two minor issues which are already fixed. Please review the document before our sync tomorrow. Details: https://contoso.com/docs/32",0
Receipt for your purchase,omar.s@northwind.io,"Hi Sam, thanks for joining the call. I have attached the notes for the onboarding deck. Let me know if I missed anything and we can discuss it on Monday.",0
Reminder: onboarding deck review on Friday,chen.k@example.org,"Hello Chen, your order #26085 has shipped and should arrive in three to five business days. You can track it from your account page. Thanks for shopping with us.",0
Your order has shipped,chen.m@northwind.io,"Hey Jordan, are you free for lunch on Thursday? There is a new place near the office. Happy to move it if the onboarding deck review runs late.",0
You have won a Chase gift card - claim now,chase-support@chase-alerts.click,"We could not deliver your parcel. Pay a small customs fee at http://bit.ly/3f4g5i using your credit card. This offer expires today, respond immediately.",1
Lunch on Thursday?,lena.k@initech.com,"Hi Maria, I reviewed the release checklist and left a few comments in the shared document. Overall it looks good. Could you update the numbers before we send it out?",0
Security alert: unusual sign-in to your Netflix account,netflix-support@netflix-alerts.icu,"Dear customer, we detected unusual activity on your Netflix account. Your account will be suspended within 24 hours unless you verify your identity. Click here to verify your account: http://bit.ly/fj5g26",1
design handoff - notes from today's meeting,sam.r@northwind.io,"Hey Tom, are you free for lunch on Thursday? There is a new place near the office. Happy to move it if the design handoff review runs late. Details: https://northwind.io/docs/419",0
Invoice overdue - immediate payment required,apple.billing@gmail.com,Your payment failed. Update your billing information immediately to avoid losing access. Log in to http://apple.account-update.top/ and confirm your password and credit card details.,1
Confirm your identity to avoid account closure,netflix.billing@gmail.com,Attached is an overdue invoice. Please make a wire transfer to the account below as soon as possible. Legal action may follow. Confirm at http://100.121.201.80/login,1
Urgent: your Microsoft account has been suspended,microsoft.billing@gmail.com,Your payment failed. Update your billing information immediately to avoid losing access. Log in to http://microsoft.account-update.work/ and confirm your password and credit card details.,1
Thanks for your help with the Q3 roadmap,jordan.k@initech.com,"Team, here is the weekly update. The Q3 roadmap is on track, QA found two minor issues which are already fixed. Please review the document before our sync tomorrow.",0
Final notice: payment failed for your DocuSign subscription,docusign.billing@gmail.com,"We could not deliver your parcel. Pay a small customs fee at http://docusign.account-update.top/ using your credit card. This offer expires today, respond immediately.",1
Your FedEx package could not be delivered,security@fedex.verify-799.top,"We could not deliver your parcel. Pay a small customs fee at http://fedex-secure-login.work/verify using your credit card. This offer expires today, respond immediately.",1
Weekly team update,sam.m@northwind.io,"Hey Jordan, are you free for lunch on Thursday? There is a new place near the office. Happy to move it if the release checklist review runs late.",0
sprint retro - notes from today's meeting,tom.s@northwind.io,"Hello Tom, your order #16367 has shipped and should arrive in three to five business days. You can track it from your account page. Thanks for shopping with us.",0
Reminder: Q3 roadmap review on Friday,lena.r@acme.com,"Hello Omar, your order #92001 has shipped and should arrive in three to five business days. You can track it from your account page. Thanks for shopping with us.",0
Confirm your identity to avoid account closure,dropbox-support@dropbox-alerts.icu,Congratulations! You have won a prize. To claim your reward send your bank account and routing number or buy a gift card and reply with the code. Act now: http://dropbox-secure-login.click/verify,1
Reminder: Q3 roadmap review on Friday,jordan.m@contoso.com,"Hello Sam, your order #97836 has shipped and should arrive in three to five business days. You can track it from your account page. Thanks for shopping with us.",0
Your order has shipped,riya.r@example.org,"Thank you for your purchase. Your receipt is attached. If you have any questions about the invoice, reply to this email and our team will help.",0
Receipt for your purchase,chen.s@acme.com,"Hey Priya, are you free for lunch on Thursday? There is a new place near the office. Happy to move it if the sprint retro review runs late. Details: https://acme.com/docs/449",0
onboarding deck - notes from today's meeting,omar.k@contoso.com,"Hey Lena, are you free for lunch on Thursday? There is a new place near the office. Happy to move it if the onboarding deck review runs late.",0
Invoice overdue - immediate payment required,security@linkedin.verify-536.top,"We could not deliver your parcel. Pay a small customs fee at http://bit.ly/6a3125 using your credit card. This offer expires today, respond immediately.",1
Security alert: unusual sign-in to your DocuSign account,docusign-support@docusign-alerts.work,Attached is an overdue invoice. Please make a wire transfer to the account below as soon as possible. Legal action may follow. Confirm at http://docusign.account-update.top/,1
Re: onboarding deck,sam.r@acme.com,"Thank you for your purchase. Your receipt is attached. If you have any questions about the invoice, reply to this email and our team will help.",0
Lunch on Thursday?,tom.r@northwind.io,"Hello Chen, your order #50074 has shipped and should arrive in three to five business days. You can track it from your account page. Thanks for shopping with us. Details: https://northwind.io/docs/379",0
Re: Q3 roadmap,tom.k@initech.com,"Hi Sam, I reviewed the Q3 roadmap and left a few comments in the shared document. Overall it looks good. Could you update the numbers before we send it out? Details: https://initech.com/docs/158",0
Action required: verify your Dropbox password,dropbox-support@dropbox-alerts.icu,Congratulations! You have won a prize. To claim your reward send your bank account and routing number or buy a gift card and reply with the code. Act now: http://dropbox.account-update.click/,1
Urgent: your Chase account has been suspended,chase.billing@gmail.com,"We could not deliver your parcel. Pay a small customs fee at http://chase-secure-login.xyz/verify using your credit card. This offer expires today, respond immediately.",1
Reminder: Q3 roadmap review on Friday,riya.m@acme.com,"Thank you for your purchase. Your receipt is attached. If you have any questions about the invoice, reply to this email and our team will help. Details: https://acme.com/docs/319",0
Your order has shipped,tom.m@example.org,"Hey Omar, are you free for lunch on Thursday? There is a new place near the office. Happy to move it if the design handoff review runs late.",0
Your order has shipped,jordan.k@example.org,"Hello Maria, your order #60020 has shipped and should arrive in three to five business days. You can track it from your account page. Thanks for shopping with us. Details: https://example.org/docs/143",0
Receipt for your purchase,sam.s@example.org,"Thank you for your purchase. Your receipt is attached. If you have any questions about the invoice, reply to this email and our team will help.",0
Receipt for your purchase,chen.k@northwind.io,"Hello Priya, your order #87823 has shipped and should arrive in three to five business days. You can track it from your account page. Thanks for shopping with us.",0
Receipt for your purchase,jordan.r@northwind.io,"Hi Lena, thanks for joining the call. I have attached the notes for the vendor review. Let me know if I missed anything and we can discuss it on Monday. Details: https://northwind.io/docs/286",0
Thanks for your help with the onboarding deck,jordan.r@acme.com,"Thank you for your purchase. Your receipt is attached. If you have any questions about the invoice, reply to this email and our team will help. Details: https://acme.com/docs/476",0
Action required: verify your Microsoft password,microsoft.billing@gmail.com,Your payment failed. Update your billing information immediately to avoid losing access. Log in to http://218.239.83.228/login and confirm your password and credit card details.,1
Action required: verify your Apple password,apple-support@apple-alerts.top,Final warning: your mailbox is full. Sign in to http://apple.account-update.icu/ and enter your password to re-activate your account. Failure to comply will result in permanent closure.,1
Confirm your identity to avoid account closure,microsoft.billing@gmail.com,Your payment failed. Update your billing information immediately to avoid losing access. Log in to http://microsoft-secure-login.xyz/verify and confirm your password and credit card details.,1
Final notice: payment failed for your Netflix subscription,netflix.billing@gmail.com,Final warning: your mailbox is full. Sign in to http://bit.ly/ga3e32 and enter your password to re-activate your account. Failure to comply will result in permanent closure.,1
Receipt for your purchase,jordan.r@acme.com,"Hi Chen, I reviewed the release checklist and left a few comments in the shared document. Overall it looks good. Could you update the numbers before we send it out?",0
design handoff - notes from today's meeting,tom.k@example.org,"Hello Priya, your order #90528 has shipped and should arrive in three to five business days. You can track it from your account page. Thanks for shopping with us. Details: https://example.org/docs/423",0
Final notice: payment failed for your Apple subscription,apple-support@apple-alerts.tk,"We could not deliver your parcel. Pay a small customs fee at http://bit.ly/fa6e4b using your credit card. This offer expires today, respond immediately.",1
Security alert: unusual sign-in to your Chase account,chase.billing@gmail.com,Your payment failed. Update your billing information immediately to avoid losing access. Log in to http://160.23.250.189/login and confirm your password and credit card details.,1
Confirm your identity to avoid account closure,microsoft.billing@gmail.com,Congratulations! You have won a prize. To claim your reward send your bank account and routing number or buy a gift card and reply with the code. Act now: http://bit.ly/ae21hj,1
Confirm your identity to avoid account closure,security@microsoft.verify-667.top,Congratulations! You have won a prize. To claim your reward send your bank account and routing number or buy a gift card and reply with the code. Act now: http://microsoft.account-update.click/,1
Security alert: unusual sign-in to your LinkedIn account,linkedin-support@linkedin-alerts.top,Attached is an overdue invoice. Please make a wire transfer to the account below as soon as possible. Legal action may follow. Confirm at http://bit.ly/ike1g2,1
Weekly team update,chen.k@example.org,"Hello Maria, your order #22287 has shipped and should arrive in three to five business days. You can track it from your account page. Thanks for shopping with us.",0
Your order has shipped,alex.s@example.org,"Hi Jordan, I reviewed the release checklist and left a few comments in the shared document. Overall it looks good. Could you update the numbers before we send it out?",0
Action required: verify your Dropbox password,dropbox.billing@gmail.com,Congratulations! You have won a prize. To claim your reward send your bank account and routing number or buy a gift card and reply with the code. Act now: http://149.76.217.149/login,1
Your Amazon package could not be delivered,amazon-support@amazon-alerts.icu,Your payment failed. Update your billing information immediately to avoid losing access. Log in to http://bit.ly/jb6jha and confirm your password and credit card details.,1
Final notice: payment failed for your Amazon subscription,amazon-support@amazon-alerts.tk,Your payment failed. Update your billing information immediately to avoid losing access. Log in to http://80.63.190.241/login and confirm your password and credit card details.,1
Thanks for your help with the release checklist,priya.r@initech.com,"Thank you for your purchase. Your receipt is attached. If you have any questions about the invoice, reply to this email and our team will help.",0
Confirm your identity to avoid account closure,docusign-support@docusign-alerts.top,Your payment failed. Update your billing information immediately to avoid losing access. Log in to http://bit.ly/b6gekg and confirm your password and credit card details.,1
Receipt for your purchase,lena.r@initech.com,"Hi Alex, thanks for joining the call. I have attached the notes for the budget draft. Let me know if I missed anything and we can discuss it on Monday.",0
Reminder: vendor review review on Friday,jordan.s@contoso.com,"Hi Riya, thanks for joining the call. I have attached the notes for the vendor review. Let me know if I missed anything and we can discuss it on Monday.",0
Q3 roadmap - notes from today's meeting,omar.m@northwind.io,"Hello Sam, your order #36787 has shipped and should arrive in three to five business days. You can track it from your account page. Thanks for shopping with us.",0
Your order has shipped,alex.r@example.org,"Hi Chen, thanks for joining the call. I have attached the notes for the budget draft. Let me know if I missed anything and we can discuss it on Monday. Details: https://example.org/docs/264",0
Your Chase package could not be delivered,security@chase.verify-545.top,"Dear customer, we detected unusual activity on your Chase account. Your account will be suspended within 24 hours unless you verify your identity. Click here to verify your account: http://chase.account-update.top/",1
Invoice overdue - immediate payment required,docusign-support@docusign-alerts.click,Final warning: your mailbox is full. Sign in to http://docusign-secure-login.tk/verify and enter your password to re-activate your account. Failure to comply will result in permanent closure.,1
Re: release checklist,sam.s@northwind.io,"Hi Tom, thanks for joining the call. I have attached the notes for the release checklist. Let me know if I missed anything and we can discuss it on Monday.",0
Invoice overdue - immediate payment required,fedex.billing@gmail.com,Final warning: your mailbox is full. Sign in to http://141.227.108.175/login and enter your password to re-activate your account. Failure to comply will result in permanent closure.,1
design handoff - notes from today's meeting,priya.s@initech.com,"Hey Tom, are you free for lunch on Thursday? There is a new place near the office. Happy to move it if the design handoff review runs late.",0
Your Microsoft package could not be delivered,microsoft.billing@gmail.com,Attached is an overdue invoice. Please make a wire transfer to the account below as soon as possible. Legal action may follow. Confirm at http://microsoft-secure-login.xyz/verify,1
Re: Q3 roadmap,riya.m@contoso.com,"Hi Alex, I reviewed the Q3 roadmap and left a few comments in the shared document. Overall it looks good. Could you update the numbers before we send it out?",0
Security alert: unusual sign-in to your LinkedIn account,linkedin.billing@gmail.com,Final warning: your mailbox is full. Sign in to http://linkedin.account-update.icu/ and enter your password to re-activate your account. Failure to comply will result in permanent closure.,1
Weekly team update,alex.m@acme.com,"Thank you for your purchase. Your receipt is attached. If you have any questions about the invoice, reply to this email and our team will help.",0
Your Microsoft package could not be delivered,microsoft.billing@gmail.com,"We could not deliver your parcel. Pay a small customs fee at http://25.64.49.71/login using your credit card. This offer expires today, respond immediately.",1
Receipt for your purchase,omar.s@initech.com,"Hey Lena, are you free for lunch on Thursday? There is a new place near the office. Happy to move it if the budget draft review runs late.",0
onboarding deck - notes from today's meeting,jordan.m@northwind.io,"Hi Alex, I reviewed the onboarding deck and left a few comments in the shared document. Overall it looks good. Could you update the numbers before we send it out?",0
You have won a FedEx gift card - claim now,fedex-support@fedex-alerts.click,"Dear customer, we detected unusual activity on your FedEx account. Your account will be suspended within 24 hours unless you verify your identity. Click here to verify your account: http://bit.ly/d43bb3",1
Thanks for your help with the budget draft,omar.s@northwind.io,"Hello Tom, your order #75243 has shipped and should arrive in three to five business days. You can track it from your account page. Thanks for shopping with us.",0
Re: budget draft,priya.r@example.org,"Hello Omar, your order #85591 has shipped and should arrive in three to five business days. You can track it from your account page. Thanks for shopping with us.",0
Urgent: your LinkedIn account has been suspended,linkedin.billing@gmail.com,"We could not deliver your parcel. Pay a small customs fee at http://bit.ly/f55ak6 using your credit card. This offer expires today, respond immediately.",1
Invoice overdue - immediate payment required,security@microsoft.verify-264.work,Final warning: your mailbox is full. Sign in to http://microsoft.account-update.tk/ and enter your password to re-activate your account. Failure to comply will result in permanent closure.,1
Reminder: onboarding deck review on Friday,tom.m@acme.com,"Hey Riya, are you free for lunch on Thursday? There is a new place near the office. Happy to move it if the onboarding deck review runs late.",0
Reminder: onboarding deck review on Friday,riya.s@northwind.io,"Hello Tom, your order #85024 has shipped and should arrive in three to five business days. You can track it from your account page. Thanks for shopping with us.",0
You have won a PayPal gift card - claim now,paypal.billing@gmail.com,Congratulations! You have won a prize. To claim your reward send your bank account and routing number or buy a gift card and reply with the code. Act now: http://92.215.37.7/login,1
release checklist - notes from today's meeting,tom.r@initech.com,"Hello Lena, your order #35276 has shipped and should arrive in three to five business days. You can track it from your account page. Thanks for shopping with us. Details: https://initech.com/docs/416",0
Lunch on Thursday?,omar.k@northwind.io,"Thank you for your purchase. Your receipt is attached. If you have any questions about the invoice, reply to this email and our team will help.",0
Confirm your identity to avoid account closure,linkedin-support@linkedin-alerts.icu,Congratulations! You have won a prize. To claim your reward send your bank account and routing number or buy a gift card and reply with the code. Act now: http://linkedin.account-update.icu/,1
Reminder: release checklist review on Friday,tom.s@northwind.io,"Hey Chen, are you free for lunch on Thursday? There is a new place near the office. Happy to move it if the release checklist review runs late.",0
Your order has shipped,tom.m@initech.com,"Thank you for your purchase. Your receipt is attached. If you have any questions about the invoice, reply to this email and our team will help.",0
Re: budget draft,chen.k@northwind.io,"Hey Riya, are you free for lunch on Thursday? There is a new place near the office. Happy to move it if the budget draft review runs late.",0
Action required: verify your Amazon password,amazon.billing@gmail.com,Final warning: your mailbox is full. Sign in to http://amazon.account-update.icu/ and enter your password to re-activate your account. Failure to comply will result in permanent closure.,1
Receipt for your purchase,jordan.r@initech.com,"Team, here is the weekly update. The budget draft is on track, QA found two minor issues which are already fixed. Please review the document before our sync tomorrow.",0
You have won a DocuSign gift card - claim now,docusign.billing@gmail.com,Congratulations! You have won a prize. To claim your reward send your bank account and routing number or buy a gift card and reply with the code. Act now: http://62.115.192.17/login,1
Re: vendor review,lena.r@contoso.com,"Hi Priya, I reviewed the vendor review and left a few comments in the shared document. Overall it looks good. Could you update the numbers before we send it out?",0
Final notice: payment failed for your Microsoft subscription,security@microsoft.verify-564.click,Your payment failed. Update your billing information immediately to avoid losing access. Log in to http://microsoft.account-update.click/ and confirm your password and credit card details.,1
Your order has shipped,tom.k@acme.com,"Hi Sam, thanks for joining the call. I have attached the notes for the sprint retro. Let me know if I missed anything and we can discuss it on Monday. Details: https://acme.com/docs/386",0
Urgent: your Amazon account has been suspended,amazon-support@amazon-alerts.work,Congratulations! You have won a prize. To claim your reward send your bank account and routing number or buy a gift card and reply with the code. Act now: http://163.122.169.240/login,1
Security alert: unusual sign-in to your LinkedIn account,security@linkedin.verify-783.icu,"Dear customer, we detected unusual activity on your LinkedIn account. Your account will be suspended within 24 hours unless you verify your identity. Click here to verify your account: http://26.202.129.233/login",1
Invoice overdue - immediate payment required,dropbox-support@dropbox-alerts.work,Attached is an overdue invoice. Please make a wire transfer to the account below as soon as possible. Legal action may follow. Confirm at http://dropbox.account-update.top/,1
Reminder: vendor review review on Friday,riya.s@example.org,"Thank you for your purchase. Your receipt is attached. If you have any questions about the invoice, reply to this email and our team will help.",0
Final notice: payment failed for your FedEx subscription,fedex-support@fedex-alerts.top,"Dear customer, we detected unusual activity on your FedEx account. Your account will be suspended within 24 hours unless you verify your identity. Click here to verify your account: http://24.193.130.230/login",1
Re: sprint retro,chen.r@example.org,"Hi Lena, thanks for joining the call. I have attached the notes for the sprint retro. Let me know if I missed anything and we can discuss it on Monday. Details: https://example.org/docs/420",0
Final notice: payment failed for your Microsoft subscription,microsoft.billing@gmail.com,Congratulations! You have won a prize. To claim your reward send your bank account and routing number or buy a gift card and reply with the code. Act now: http://microsoft.account-update.tk/,1
Security alert: unusual sign-in to your DocuSign account,docusign-support@docusign-alerts.tk,Your payment failed. Update your billing information immediately to avoid losing access. Log in to http://docusign.account-update.icu/ and confirm your password and credit card details.,1
Invoice overdue - immediate payment required,microsoft-support@microsoft-alerts.click,"Dear customer, we detected unusual activity on your Microsoft account. Your account will be suspended within 24 hours unless you verify your identity. Click here to verify your account: http://microsoft-secure-login.work/verify",1
Re: design handoff,jordan.k@northwind.io,"Hello Omar, your order #92560 has shipped and should arrive in three to five business days. You can track it from your account page. Thanks for shopping with us.",0
Your Dropbox package could not be delivered,security@dropbox.verify-920.icu,Final warning: your mailbox is full. Sign in to http://bit.ly/4cg2d5 and enter your password to re-activate your account. Failure to comply will result in permanent closure.,1
budget draft - notes from today's meeting,sam.k@contoso.com,"Hi Omar, thanks for joining the call. I have attached the notes for the budget draft. Let me know if I missed anything and we can discuss it on Monday. Details: https://contoso.com/docs/368",0
Confirm your identity to avoid account closure,netflix.billing@gmail.com,"We could not deliver your parcel. Pay a small customs fee at http://98.4.124.59/login using your credit card. This offer expires today, respond immediately.",1
Lunch on Thursday?,sam.k@example.org,"Team, here is the weekly update. The vendor review is on track, QA found two minor issues which are already fixed. Please review the document before our sync tomorrow. Details: https://example.org/docs/8",0
You have won a Dropbox gift card - claim now,dropbox.billing@gmail.com,Your payment failed. Update your billing information immediately to avoid losing access. Log in to http://dropbox.account-update.click/ and confirm your password and credit card details.,1
Weekly team update,omar.k@acme.com,"Hello Maria, your order #82491 has shipped and should arrive in three to five business days. You can track it from your account page. Thanks for shopping with us.",0
Weekly team update,chen.k@acme.com,"Thank you for your purchase. Your receipt is attached. If you have any questions about the invoice, reply to this email and our team will help.",0
Final notice: payment failed for your LinkedIn subscription,security@linkedin.verify-249.click,"We could not deliver your parcel. Pay a small customs fee at http://linkedin-secure-login.work/verify using your credit card. This offer expires today, respond immediately.",1
Security alert: unusual sign-in to your FedEx account,fedex.billing@gmail.com,"Dear customer, we detected unusual activity on your FedEx account. Your account will be suspended within 24 hours unless you verify your identity. Click here to verify your account: http://bit.ly/ih63j6",1
Action required: verify your FedEx password,security@fedex.verify-482.top,Final warning: your mailbox is full. Sign in to http://fedex.account-update.click/ and enter your password to re-activate your account. Failure to comply will result in permanent closure.,1
design handoff - notes from today's meeting,maria.m@example.org,"Hi Riya, thanks for joining the call. I have attached the notes for the design handoff. Let me know if I missed anything and we can discuss it on Monday.",0
Your order has shipped,jordan.k@example.org,"Hello Chen, your order #51663 has shipped and should arrive in three to five business days. You can track it from your account page. Thanks for shopping with us.",0
Confirm your identity to avoid account closure,security@amazon.verify-456.icu,"Dear customer, we detected unusual activity on your Amazon account. Your account will be suspended within 24 hours unless you verify your identity. Click here to verify your account: http://bit.ly/31hc54",1
Your order has shipped,jordan.s@initech.com,"Hey Lena, are you free for lunch on Thursday? There is a new place near the office. Happy to move it if the onboarding deck review runs late.",0
Final notice: payment failed for your PayPal subscription,paypal.billing@gmail.com,Attached is an overdue invoice. Please make a wire transfer to the account below as soon as possible. Legal action may follow. Confirm at http://paypal-secure-login.top/verify,1
Final notice: payment failed for your Chase subscription,chase-support@chase-alerts.top,Final warning: your mailbox is full. Sign in to http://chase.account-update.top/ and enter your password to re-activate your account. Failure to comply will result in permanent closure.,1
Re: sprint retro,chen.r@acme.com,"Team, here is the weekly update. The sprint retro is on track, QA found two minor issues which are already fixed. Please review the document before our sync tomorrow. Details: https://acme.com/docs/239",0
You have won a Microsoft gift card - claim now,security@microsoft.verify-452.top,Your payment failed. Update your billing information immediately to avoid losing access. Log in to http://bit.ly/3i21hi and confirm your password and credit card details.,1
Lunch on Thursday?,chen.m@acme.com,"Hello Priya, your order #44497 has shipped and should arrive in three to five business days. You can track it from your account page. Thanks for shopping with us.",0
Your order has shipped,chen.m@example.org,"Thank you for your purchase. Your receipt is attached. If you have any questions about the invoice, reply to this email and our team will help.",0
Receipt for your purchase,jordan.s@northwind.io,"Hi Jordan, I reviewed the release checklist and left a few comments in the shared document. Overall it looks good. Could you update the numbers before we send it out? Details: https://northwind.io/docs/30",0
Security alert: unusual sign-in to your Amazon account,amazon.billing@gmail.com,Attached is an overdue invoice. Please make a wire transfer to the account below as soon as possible. Legal action may follow. Confirm at http://bit.ly/4fd14j,1
Reminder: onboarding deck review on Friday,maria.m@initech.com,"Hello Lena, your order #88237 has shipped and should arrive in three to five business days. You can track it from your account page. Thanks for shopping with us.",0
Reminder: onboarding deck review on Friday,riya.s@northwind.io,"Hello Riya, your order #17034 has shipped and should arrive in three to five business days. You can track it from your account page. Thanks for shopping with us.",0
Your order has shipped,omar.r@acme.com,"Hey Alex, are you free for lunch on Thursday? There is a new place near the office. Happy to move it if the design handoff review runs late.",0
You have won a LinkedIn gift card - claim now,linkedin.billing@gmail.com,"We could not deliver your parcel. Pay a small customs fee at http://linkedin.account-update.tk/ using your credit card. This offer expires today, respond immediately.",1
Your PayPal package could not be delivered,security@paypal.verify-360.icu,Final warning: your mailbox is full. Sign in to http://155.4.39.224/login and enter your password to re-activate your account. Failure to comply will result in permanent closure.,1
onboarding deck - notes from today's meeting,sam.m@initech.com,"Hey Omar, are you free for lunch on Thursday? There is a new place near the office. Happy to move it if the onboarding deck review runs late.",0
Your PayPal package could not be delivered,paypal.billing@gmail.com,"Dear customer, we detected unusual activity on your PayPal account. Your account will be suspended within 24 hours unless you verify your identity. Click here to verify your account: http://paypal-secure-login.top/verify",1
Re: Q3 roadmap,maria.s@initech.com,"Hello Sam, your order #68829 has shipped and should arrive in three to five business days. You can track it from your account page. Thanks for shopping with us.",0
Re: design handoff,tom.r@northwind.io,"Hey Lena, are you free for lunch on Thursday? There is a new place near the office. Happy to move it if the design handoff review runs late.",0
onboarding deck - notes from today's meeting,chen.k@northwind.io,"Team, here is the weekly update. The onboarding deck is on track, QA found two minor issues which are already fixed. Please review the document before our sync tomorrow.",0
You have won a DocuSign gift card - claim now,docusign.billing@gmail.com,Congratulations! You have won a prize. To claim your reward send your bank account and routing number or buy a gift card and reply with the code. Act now: http://179.176.7.179/login,1
Lunch on Thursday?,jordan.m@acme.com,"Hi Sam, thanks for joining the call. I have attached the notes for the sprint retro. Let me know if I missed anything and we can discuss it on Monday.",0
Confirm your identity to avoid account closure,security@paypal.verify-977.work,Final warning: your mailbox is full. Sign in to http://bit.ly/chbdg6 and enter your password to re-activate your account. Failure to comply will result in permanent closure.,1
Reminder: release checklist review on Friday,tom.r@initech.com,"Hello Alex, your order #88483 has shipped and should arrive in three to five business days. You can track it from your account page. Thanks for shopping with us.",0
Confirm your identity to avoid account closure,apple-support@apple-alerts.tk,"Dear customer, we detected unusual activity on your Apple account. Your account will be suspended within 24 hours unless you verify your identity. Click here to verify your account: http://bit.ly/6iiik3",1
You have won a Chase gift card - claim now,chase.billing@gmail.com,Final warning: your mailbox is full. Sign in to http://158.127.212.13/login and enter your password to re-activate your account. Failure to comply will result in permanent closure.,1
Your order has shipped,tom.m@example.org,"Hi Sam, I reviewed the Q3 roadmap and left a few comments in the shared document. Overall it looks good. Could you update the numbers before we send it out? Details: https://example.org/docs/432",0
Invoice overdue - immediate payment required,dropbox-support@dropbox-alerts.top,Attached is an overdue invoice. Please make a wire transfer to the account below as soon as possible. Legal action may follow. Confirm at http://42.19.76.160/login,1
Invoice overdue - immediate payment required,microsoft-support@microsoft-alerts.xyz,Attached is an overdue invoice. Please make a wire transfer to the account below as soon as possible. Legal action may follow. Confirm at http://67.46.168.13/login,1
Your DocuSign package could not be delivered,security@docusign.verify-302.work,"We could not deliver your parcel. Pay a small customs fee at http://docusign.account-update.work/ using your credit card. This offer expires today, respond immediately.",1
You have won a Netflix gift card - claim now,netflix.billing@gmail.com,"We could not deliver your parcel. Pay a small customs fee at http://bit.ly/25jagj using your credit card. This offer expires today, respond immediately.",1
Receipt for your purchase,chen.m@initech.com,"Hi Jordan, I reviewed the budget draft and left a few comments in the shared document. Overall it looks good. Could you update the numbers before we send it out?",0
Your FedEx package could not be delivered,fedex.billing@gmail.com,"Dear customer, we detected unusual activity on your FedEx account. Your account will be suspended within 24 hours unless you verify your identity. Click here to verify your account: http://bit.ly/6fk53c",1
Final notice: payment failed for your FedEx subscription,fedex-support@fedex-alerts.tk,"Dear customer, we detected unusual activity on your FedEx account. Your account will be suspended within 24 hours unless you verify your identity. Click here to verify your account: http://fedex-secure-login.top/verify",1
Security alert: unusual sign-in to your Apple account,apple.billing@gmail.com,Final warning: your mailbox is full. Sign in to http://bit.ly/ei2aek and enter your password to re-activate your account. Failure to comply will result in permanent closure.,1
Security alert: unusual sign-in to your Amazon account,security@amazon.verify-380.icu,"We could not deliver your parcel. Pay a small customs fee at http://81.199.40.85/login using your credit card. This offer expires today, respond immediately.",1
Receipt for your purchase,omar.m@contoso.com,"Team, here is the weekly update. The Q3 roadmap is on track, QA found two minor issues which are already fixed. Please review the document before our sync tomorrow. Details: https://contoso.com/docs/257",0
Invoice overdue - immediate payment required,fedex-support@fedex-alerts.work,Final warning: your mailbox is full. Sign in to http://57.19.179.121/login and enter your password to re-activate your account. Failure to comply will result in permanent closure.,1
Thanks for your help with the release checklist,jordan.m@contoso.com,"Hey Priya, are you free for lunch on Thursday? There is a new place near the office. Happy to move it if the release checklist review runs late.",0
Confirm your identity to avoid account closure,fedex.billing@gmail.com,Congratulations! You have won a prize. To claim your reward send your bank account and routing number or buy a gift card and reply with the code. Act now: http://fedex-secure-login.icu/verify,1
You have won a Amazon gift card - claim now,amazon-support@amazon-alerts.click,"We could not deliver your parcel. Pay a small customs fee at http://bit.ly/afji3k using your credit card. This offer expires today, respond immediately.",1
Reminder: budget draft review on Friday,omar.s@initech.com,"Thank you for your purchase. Your receipt is attached. If you have any questions about the invoice, reply to this email and our team will help. Details: https://initech.com/docs/105",0
You have won a FedEx gift card - claim now,security@fedex.verify-473.xyz,"We could not deliver your parcel. Pay a small customs fee at http://fedex-secure-login.top/verify using your credit card. This offer expires today, respond immediately.",1
Security alert: unusual sign-in to your FedEx account,fedex.billing@gmail.com,Final warning: your mailbox is full. Sign in to http://73.240.115.28/login and enter your password to re-activate your account. Failure to comply will result in permanent closure.,1
Your order has shipped,sam.m@initech.com,"Hi Tom, thanks for joining the call. I have attached the notes for the release checklist. Let me know if I missed anything and we can discuss it on Monday.",0
Receipt for your purchase,maria.s@northwind.io,"Hey Priya, are you free for lunch on Thursday? There is a new place near the office. Happy to move it if the Q3 roadmap review runs late.",0
budget draft - notes from today's meeting,lena.s@contoso.com,"Thank you for your purchase. Your receipt is attached. If you have any questions about the invoice, reply to this email and our team will help.",0
Security alert: unusual sign-in to your FedEx account,fedex-support@fedex-alerts.tk,Congratulations! You have won a prize. To claim your reward send your bank account and routing number or buy a gift card and reply with the code. Act now: http://fedex-secure-login.click/verify,1
release checklist - notes from today's meeting,chen.s@acme.com,"Team, here is the weekly update. The release checklist is on track, QA found two minor issues which are already fixed. Please review the document before our sync tomorrow. Details: https://acme.com/docs/84",0
Urgent: your Dropbox account has been suspended,dropbox.billing@gmail.com,"We could not deliver your parcel. Pay a small customs fee at http://dropbox-secure-login.icu/verify using your credit card. This offer expires today, respond immediately.",1
Invoice overdue - immediate payment required,security@paypal.verify-765.top,Attached is an overdue invoice. Please make a wire transfer to the account below as soon as possible. Legal action may follow. Confirm at http://bit.ly/41jbf6,1
Re: vendor review,chen.m@northwind.io,"Thank you for your purchase. Your receipt is attached. If you have any questions about the invoice, reply to this email and our team will help.",0
Urgent: your Apple account has been suspended,apple-support@apple-alerts.work,Final warning: your mailbox is full. Sign in to http://bit.ly/f3cj35 and enter your password to re-activate your account. Failure to comply will result in permanent closure.,1
Lunch on Thursday?,sam.k@northwind.io,"Team, here is the weekly update. The Q3 roadmap is on track, QA found two minor issues which are already fixed. Please review the document before our sync tomorrow.",0
Receipt for your purchase,sam.s@example.org,"Hello Maria, your order #39203 has shipped and should arrive in three to five business days. You can track it from your account page. Thanks for shopping with us.",0
Your Dropbox package could not be delivered,security@dropbox.verify-240.tk,Your payment failed. Update your billing information immediately to avoid losing access. Log in to http://dropbox.account-update.work/ and confirm your password and credit card details.,1
Weekly team update,alex.k@northwind.io,"Hello Omar, your order #44824 has shipped and should arrive in three to five business days. You can track it from your account page. Thanks for shopping with us.",0
Your Microsoft package could not be delivered,security@microsoft.verify-458.tk,"Dear customer, we detected unusual activity on your Microsoft account. Your account will be suspended within 24 hours unless you verify your identity. Click here to verify your account: http://bit.ly/cia12j",1
Thanks for your help with the onboarding deck,jordan.m@northwind.io,"Hello Lena, your order #81905 has shipped and should arrive in three to five business days. You can track it from your account page. Thanks for shopping with us.",0
Urgent: your FedEx account has been suspended,security@fedex.verify-362.top,Congratulations! You have won a prize. To claim your reward send your bank account and routing number or buy a gift card and reply with the code. Act now: http://fedex.account-update.work/,1
Your Apple package could not be delivered,apple-support@apple-alerts.tk,Congratulations! You have won a prize. To claim your reward send your bank account and routing number or buy a gift card and reply with the code. Act now: http://apple.account-update.xyz/,1
Invoice overdue - immediate payment required,apple-support@apple-alerts.xyz,Congratulations! You have won a prize. To claim your reward send your bank account and routing number or buy a gift card and reply with the code. Act now: http://apple.account-update.click/,1
Final notice: payment failed for your Chase subscription,chase.billing@gmail.com,"Dear customer, we detected unusual activity on your Chase account. Your account will be suspended within 24 hours unless you verify your identity. Click here to verify your account: http://bit.ly/1ebai6",1
Your order has shipped,lena.s@contoso.com,"Hi Tom, thanks for joining the call. I have attached the notes for the budget draft. Let me know if I missed anything and we can discuss it on Monday.",0
design handoff - notes from today's meeting,tom.m@contoso.com,"Hi Maria, I reviewed the design handoff and left a few comments in the shared document. Overall it looks good. Could you update the numbers before we send it out?",0
Reminder: Q3 roadmap review on Friday,lena.r@acme.com,"Hi Priya, I reviewed the Q3 roadmap and left a few comments in the shared document. Overall it looks good. Could you update the numbers before we send it out?",0
Weekly team update,sam.s@example.org,"Hi Riya, I reviewed the sprint retro and left a few comments in the shared document. Overall it looks good. Could you update the numbers before we send it out?",0
Urgent: your LinkedIn account has been suspended,linkedin.billing@gmail.com,Attached is an overdue invoice. Please make a wire transfer to the account below as soon as possible. Legal action may follow. Confirm at http://bit.ly/h23ea5,1
You have won a PayPal gift card - claim now,paypal-support@paypal-alerts.top,Final warning: your mailbox is full. Sign in to http://53.4.93.243/login and enter your password to re-activate your account. Failure to comply will result in permanent closure.,1
Receipt for your purchase,jordan.m@contoso.com,"Hi Chen, thanks for joining the call. I have attached the notes for the budget draft. Let me know if I missed anything and we can discuss it on Monday.",0
budget draft - notes from today's meeting,tom.m@acme.com,"Hello Tom, your order #19202 has shipped and should arrive in three to five business days. You can track it from your account page. Thanks for shopping with us. Details: https://acme.com/docs/424",0
Security alert: unusual sign-in to your Microsoft account,security@microsoft.verify-199.click,Attached is an overdue invoice. Please make a wire transfer to the account below as soon as possible. Legal action may follow. Confirm at http://microsoft-secure-login.tk/verify,1
Your order has shipped,sam.r@acme.com,"Hello Jordan, your order #20829 has shipped and should arrive in three to five business days. You can track it from your account page. Thanks for shopping with us.",0
Final notice: payment failed for your FedEx subscription,fedex-support@fedex-alerts.tk,"Dear customer, we detected unusual activity on your FedEx account. Your account will be suspended within 24 hours unless you verify your identity. Click here to verify your account: http://215.43.128.57/login",1
release checklist - notes from today's meeting,alex.m@example.org,"Hi Tom, thanks for joining the call. I have attached the notes for the release checklist. Let me know if I missed anything and we can discuss it on Monday.",0
Your Dropbox package could not be delivered,security@dropbox.verify-269.tk,"We could not deliver your parcel. Pay a small customs fee at http://59.181.217.103/login using your credit card. This offer expires today, respond immediately.",1
Re: sprint retro,alex.r@northwind.io,"Hi Priya, I reviewed the sprint retro and left a few comments in the shared document. Overall it looks good. Could you update the numbers before we send it out?",0
Final notice: payment failed for your DocuSign subscription,security@docusign.verify-861.work,"Dear customer, we detected unusual activity on your DocuSign account. Your account will be suspended within 24 hours unless you verify your identity. Click here to verify your account: http://docusign-secure-login.xyz/verify",1
Re: sprint retro,sam.m@acme.com,"Hey Sam, are you free for lunch on Thursday? There is a new place near the office. Happy to move it if the sprint retro review runs late.",0
Your Amazon package could not be delivered,amazon.billing@gmail.com,Attached is an overdue invoice. Please make a wire transfer to the account below as soon as possible. Legal action may follow. Confirm at http://98.101.221.16/login,1
Weekly team update,chen.m@contoso.com,"Thank you for your purchase. Your receipt is attached. If you have any questions about the invoice, reply to this email and our team will help.",0
Thanks for your help with the release checklist,alex.m@contoso.com,"Hi Maria, thanks for joining the call. I have attached the notes for the release checklist. Let me know if I missed anything and we can discuss it on Monday. Details: https://contoso.com/docs/98",0
Reminder: design handoff review on Friday,riya.m@contoso.com,"Thank you for your purchase. Your receipt is attached. If you have any questions about the invoice, reply to this email and our team will help.",0
Final notice: payment failed for your Chase subscription,security@chase.verify-817.work,Attached is an overdue invoice. Please make a wire transfer to the account below as soon as possible. Legal action may follow. Confirm at http://30.220.47.134/login,1
Action required: verify your Netflix password,security@netflix.verify-174.tk,"Dear customer, we detected unusual activity on your Netflix account. Your account will be suspended within 24 hours unless you verify your identity. Click here to verify your account: http://netflix-secure-login.xyz/verify",1
Reminder: release checklist review on Friday,maria.s@example.org,"Hi Maria, thanks for joining the call. I have attached the notes for the release checklist. Let me know if I missed anything and we can discuss it on Monday.",0
Your Chase package could not be delivered,chase.billing@gmail.com,Your payment failed. Update your billing information immediately to avoid losing access. Log in to http://chase-secure-login.xyz/verify and confirm your password and credit card details.,1
Your order has shipped,omar.r@acme.com,"Hey Tom, are you free for lunch on Thursday? There is a new place near the office. Happy to move it if the sprint retro review runs late. Details: https://acme.com/docs/192",0
Lunch on Thursday?,tom.s@northwind.io,"Hi Maria, I reviewed the budget draft and left a few comments in the shared document. Overall it looks good. Could you update the numbers before we send it out? Details: https://northwind.io/docs/236",0
Final notice: payment failed for your Apple subscription,security@apple.verify-330.icu,Your payment failed. Update your billing information immediately to avoid losing access. Log in to http://apple.account-update.top/ and confirm your password and credit card details.,1
Security alert: unusual sign-in to your FedEx account,security@fedex.verify-786.xyz,Congratulations! You have won a prize. To claim your reward send your bank account and routing number or buy a gift card and reply with the code. Act now: http://bit.ly/4jhh6b,1
Your Amazon package could not be delivered,amazon.billing@gmail.com,Your payment failed. Update your billing information immediately to avoid losing access. Log in to http://bit.ly/5d4deb and confirm your password and credit card details.,1
Lunch on Thursday?,maria.r@acme.com,"Hi Chen, thanks for joining the call. I have attached the notes for the Q3 roadmap. Let me know if I missed anything and we can discuss it on Monday. Details: https://acme.com/docs/271",0
Receipt for your purchase,riya.r@northwind.io,"Hi Priya, thanks for joining the call. I have attached the notes for the Q3 roadmap. Let me know if I missed anything and we can discuss it on Monday.",0
Action required: verify your Apple password,apple-support@apple-alerts.xyz,Your payment failed. Update your billing information immediately to avoid losing access. Log in to http://bit.ly/e131f3 and confirm your password and credit card details.,1
budget draft - notes from today's meeting,omar.r@contoso.com,"Hi Alex, thanks for joining the call. I have attached the notes for the budget draft. Let me know if I missed anything and we can discuss it on Monday. Details: https://contoso.com/docs/397",0
Your order has shipped,sam.r@contoso.com,"Thank you for your purchase. Your receipt is attached. If you have any questions about the invoice, reply to this email and our team will help.",0
Weekly team update,priya.r@example.org,"Thank you for your purchase. Your receipt is attached. If you have any questions about the invoice, reply to this email and our team will help.",0
Re: release checklist,riya.s@northwind.io,"Hi Riya, I reviewed the release checklist and left a few comments in the shared document. Overall it looks good. Could you update the numbers before we send it out? Details: https://northwind.io/docs/191",0
vendor review - notes from today's meeting,chen.m@example.org,"Team, here is the weekly update. The vendor review is on track, QA found two minor issues which are already fixed. Please review the document before our sync tomorrow.",0
Your Dropbox package could not be delivered,dropbox.billing@gmail.com,"Dear customer, we detected unusual activity on your Dropbox account. Your account will be suspended within 24 hours unless you verify your identity. Click here to verify your account: http://220.155.91.26/login",1
You have won a FedEx gift card - claim now,fedex.billing@gmail.com,Attached is an overdue invoice. Please make a wire transfer to the account below as soon as possible. Legal action may follow. Confirm at http://bit.ly/1j356d,1
Urgent: your DocuSign account has been suspended,docusign-support@docusign-alerts.tk,"Dear customer, we detected unusual activity on your DocuSign account. Your account will be suspended within 24 hours unless you verify your identity. Click here to verify your account: http://docusign-secure-login.tk/verify",1
Reminder: vendor review review on Friday,riya.m@acme.com,"Team, here is the weekly update. The vendor review is on track, QA found two minor issues which are already fixed. Please review the document before our sync tomorrow.",0
Thanks for your help with the release checklist,maria.r@example.org,"Thank you for your purchase. Your receipt is attached. If you have any questions about the invoice, reply to this email and our team will help.",0
Security alert: unusual sign-in to your PayPal account,paypal.billing@gmail.com,Final warning: your mailbox is full. Sign in to http://115.174.96.48/login and enter your password to re-activate your account. Failure to comply will result in permanent closure.,1
Lunch on Thursday?,sam.m@contoso.com,"Hi Sam, thanks for joining the call. I have attached the notes for the release checklist. Let me know if I missed anything and we can discuss it on Monday.",0
Your Chase package could not be delivered,security@chase.verify-421.xyz,Congratulations! You have won a prize. To claim your reward send your bank account and routing number or buy a gift card and reply with the code. Act now: http://chase.account-update.work/,1
Your order has shipped,omar.m@example.org,"Hello Sam, your order #24866 has shipped and should arrive in three to five business days. You can track it from your account page. Thanks for shopping with us. Details: https://example.org/docs/260",0
Weekly team update,riya.s@contoso.com,"Team, here is the weekly update. The vendor review is on track, QA found two minor issues which are already fixed. Please review the document before our sync tomorrow.",0
vendor review - notes from today's meeting,alex.k@acme.com,"Team, here is the weekly update. The vendor review is on track, QA found two minor issues which are already fixed. Please review the document before our sync tomorrow. Details: https://acme.com/docs/67",0
Invoice overdue - immediate payment required,netflix-support@netflix-alerts.top,Your payment failed. Update your billing information immediately to avoid losing access. Log in to http://netflix.account-update.click/ and confirm your password and credit card details.,1
Action required: verify your Amazon password,security@amazon.verify-438.work,"Dear customer, we detected unusual activity on your Amazon account. Your account will be suspended within 24 hours unless you verify your identity. Click here to verify your account: http://bit.ly/i412ga",1
release checklist - notes from today's meeting,omar.m@example.org,"Hello Tom, your order #55011 has shipped and should arrive in three to five business days. You can track it from your account page. Thanks for shopping with us.",0
Weekly team update,chen.s@contoso.com,"Hi Riya, I reviewed the vendor review and left a few comments in the shared document. Overall it looks good. Could you update the numbers before we send it out?",0
budget draft - notes from today's meeting,jordan.m@acme.com,"Hi Chen, thanks for joining the call. I have attached the notes for the budget draft. Let me know if I missed anything and we can discuss it on Monday.",0
Confirm your identity to avoid account closure,chase-support@chase-alerts.icu,Congratulations! You have won a prize. To claim your reward send your bank account and routing number or buy a gift card and reply with the code. Act now: http://chase.account-update.xyz/,1
Your order has shipped,alex.s@contoso.com,"Hello Maria, your order #66734 has shipped and should arrive in three to five business days. You can track it from your account page. Thanks for shopping with us.",0
Thanks for your help with the release checklist,sam.s@initech.com,"Hello Riya, your order #74043 has shipped and should arrive in three to five business days. You can track it from your account page. Thanks for shopping with us.",0
Final notice: payment failed for your FedEx subscription,fedex.billing@gmail.com,"Dear customer, we detected unusual activity on your FedEx account. Your account will be suspended within 24 hours unless you verify your identity. Click here to verify your account: http://41.84.120.63/login",1
Lunch on Thursday?,chen.s@initech.com,"Hi Sam, I reviewed the vendor review and left a few comments in the shared document. Overall it looks good. Could you update the numbers before we send it out?",0
Your Microsoft package could not be delivered,microsoft.billing@gmail.com,Final warning: your mailbox is full. Sign in to http://microsoft-secure-login.tk/verify and enter your password to re-activate your account. Failure to comply will result in permanent closure.,1
Reminder: release checklist review on Friday,lena.s@initech.com,"Hey Lena, are you free for lunch on Thursday? There is a new place near the office. Happy to move it if the release checklist review runs late.",0
Security alert: unusual sign-in to your DocuSign account,docusign.billing@gmail.com,Final warning: your mailbox is full. Sign in to http://bit.ly/dke4b4 and enter your password to re-activate your account. Failure to comply will result in permanent closure.,1
Confirm your identity to avoid account closure,apple-support@apple-alerts.work,Attached is an overdue invoice. Please make a wire transfer to the account below as soon as possible. Legal action may follow. Confirm at http://101.232.161.26/login,1
Reminder: sprint retro review on Friday,tom.m@acme.com,"Thank you for your purchase. Your receipt is attached. If you have any questions about the invoice, reply to this email and our team will help.",0
Your order has shipped,jordan.k@example.org,"Thank you for your purchase. Your receipt is attached. If you have any questions about the invoice, reply to this email and our team will help.",0
Receipt for your purchase,lena.m@contoso.com,"Thank you for your purchase. Your receipt is attached. If you have any questions about the invoice, reply to this email and our team will help.",0
Urgent: your Microsoft account has been suspended,security@microsoft.verify-376.click,Your payment failed. Update your billing information immediately to avoid losing access. Log in to http://microsoft.account-update.work/ and confirm your password and credit card details.,1
Invoice overdue - immediate payment required,microsoft-support@microsoft-alerts.work,Final warning: your mailbox is full. Sign in to http://158.225.193.8/login and enter your password to re-activate your account. Failure to comply will result in permanent closure.,1
Your order has shipped,jordan.k@northwind.io,"Hello Maria, your order #54761 has shipped and should arrive in three to five business days. You can track it from your account page. Thanks for shopping with us.",0
Weekly team update,alex.m@acme.com,"Thank you for your purchase. Your receipt is attached. If you have any questions about the invoice, reply to this email and our team will help.",0
Lunch on Thursday?,maria.s@northwind.io,"Thank you for your purchase. Your receipt is attached. If you have any questions about the invoice, reply to this email and our team will help. Details: https://northwind.io/docs/30",0
Action required: verify your Netflix password,security@netflix.verify-556.tk,Attached is an overdue invoice. Please make a wire transfer to the account below as soon as possible. Legal action may follow. Confirm at http://bit.ly/g3d655,1
Action required: verify your Dropbox password,security@dropbox.verify-201.click,"We could not deliver your parcel. Pay a small customs fee at http://77.216.58.206/login using your credit card. This offer expires today, respond immediately.",1
Action required: verify your DocuSign password,security@docusign.verify-763.tk,"Dear customer, we detected unusual activity on your DocuSign account. Your account will be suspended within 24 hours unless you verify your identity. Click here to verify your account: http://bit.ly/fg3f2k",1
Your Apple package could not be delivered,apple.billing@gmail.com,"We could not deliver your parcel. Pay a small customs fee at http://apple.account-update.top/ using your credit card. This offer expires today, respond immediately.",1
design handoff - notes from today's meeting,priya.r@northwind.io,"Hi Tom, thanks for joining the call. I have attached the notes for the design handoff. Let me know if I missed anything and we can discuss it on Monday. Details: https://northwind.io/docs/53",0
You have won a Chase gift card - claim now,chase.billing@gmail.com,Final warning: your mailbox is full. Sign in to http://chase-secure-login.work/verify and enter your password to re-activate your account. Failure to comply will result in permanent closure.,1
Weekly team update,maria.k@contoso.com,"Hello Priya, your order #23331 has shipped and should arrive in three to five business days. You can track it from your account page. Thanks for shopping with us. Details: https://contoso.com/docs/339",0
You have won a FedEx gift card - claim now,fedex-support@fedex-alerts.tk,Your payment failed. Update your billing information immediately to avoid losing access. Log in to http://fedex-secure-login.click/verify and confirm your password and credit card details.,1
You have won a Netflix gift card - claim now,netflix.billing@gmail.com,Congratulations! You have won a prize. To claim your reward send your bank account and routing number or buy a gift card and reply with the code. Act now: http://bit.ly/ciig4d,1
Action required: verify your Amazon password,amazon-support@amazon-alerts.work,Attached is an overdue invoice. Please make a wire transfer to the account below as soon as possible. Legal action may follow. Confirm at http://209.159.15.104/login,1
Thanks for your help with the onboarding deck,alex.k@northwind.io,"Hello Lena, your order #73536 has shipped and should arrive in three to five business days. You can track it from your account page. Thanks for shopping with us.",0
Thanks for your help with the budget draft,maria.m@acme.com,"Hey Tom, are you free for lunch on Thursday? There is a new place near the office. Happy to move it if the budget draft review runs late.",0
Your Amazon package could not be delivered,security@amazon.verify-812.top,Your payment failed. Update your billing information immediately to avoid losing access. Log in to http://amazon-secure-login.work/verify and confirm your password and credit card details.,1
Security alert: unusual sign-in to your Apple account,apple.billing@gmail.com,"Dear customer, we detected unusual activity on your Apple account. Your account will be suspended within 24 hours unless you verify your identity. Click here to verify your account: http://apple.account-update.tk/",1
Your LinkedIn package could not be delivered,linkedin-support@linkedin-alerts.top,Your payment failed. Update your billing information immediately to avoid losing access. Log in to http://linkedin-secure-login.xyz/verify and confirm your password and credit card details.,1
Thanks for your help with the sprint retro,priya.s@acme.com,"Thank you for your purchase. Your receipt is attached. If you have any questions about the invoice, reply to this email and our team will help.",0
Urgent: your DocuSign account has been suspended,docusign-support@docusign-alerts.xyz,Your payment failed. Update your billing information immediately to avoid losing access. Log in to http://24.84.133.38/login and confirm your password and credit card details.,1
Weekly team update,chen.k@acme.com,"Thank you for your purchase. Your receipt is attached. If you have any questions about the invoice, reply to this email and our team will help. Details: https://acme.com/docs/2",0
Confirm your identity to avoid account closure,security@paypal.verify-463.xyz,Attached is an overdue invoice. Please make a wire transfer to the account below as soon as possible. Legal action may follow. Confirm at http://bit.ly/egi5bj,1
You have won a Amazon gift card - claim now,security@amazon.verify-173.icu,"We could not deliver your parcel. Pay a small customs fee at http://amazon-secure-login.click/verify using your credit card. This offer expires today, respond immediately.",1
Q3 roadmap - notes from today's meeting,riya.r@example.org,"Hi Tom, I reviewed the Q3 roadmap and left a few comments in the shared document. Overall it looks good. Could you update the numbers before we send it out?",0
Reminder: Q3 roadmap review on Friday,riya.m@example.org,"Hey Tom, are you free for lunch on Thursday? There is a new place near the office. Happy to move it if the Q3 roadmap review runs late.",0
Your order has shipped,tom.s@contoso.com,"Hey Sam, are you free for lunch on Thursday? There is a new place near the office. Happy to move it if the sprint retro review runs late.",0
Urgent: your Microsoft account has been suspended,security@microsoft.verify-509.xyz,Your payment failed. Update your billing information immediately to avoid losing access. Log in to http://microsoft-secure-login.icu/verify and confirm your password and credit card details.,1
Re: sprint retro,lena.r@acme.com,"Hi Priya, I reviewed the sprint retro and left a few comments in the shared document. Overall it looks good. Could you update the numbers before we send it out?",0
Security alert: unusual sign-in to your Amazon account,amazon.billing@gmail.com,"We could not deliver your parcel. Pay a small customs fee at http://63.232.95.58/login using your credit card. This offer expires today, respond immediately.",1
design handoff - notes from today's meeting,sam.r@northwind.io,"Hello Lena, your order #74690 has shipped and should arrive in three to five business days. You can track it from your account page. Thanks for shopping with us.",0
Re: release checklist,lena.m@northwind.io,"Thank you for your purchase. Your receipt is attached. If you have any questions about the invoice, reply to this email and our team will help.",0
Re: sprint retro,sam.r@acme.com,"Hi Sam, thanks for joining the call. I have attached the notes for the sprint retro. Let me know if I missed anything and we can discuss it on Monday.",0
Re: release checklist,omar.r@acme.com,"Thank you for your purchase. Your receipt is attached. If you have any questions about the invoice, reply to this email and our team will help.",0
Reminder: budget draft review on Friday,lena.m@example.org,"Hi Lena, thanks for joining the call. I have attached the notes for the budget draft. Let me know if I missed anything and we can discuss it on Monday.",0
Weekly team update,omar.m@acme.com,"Team, here is the weekly update. The vendor review is on track, QA found two minor issues which are already fixed. Please review the document before our sync tomorrow.",0
Your order has shipped,omar.s@example.org,"Hi Maria, thanks for joining the call. I have attached the notes for the release checklist. Let me know if I missed anything and we can discuss it on Monday.",0
Invoice overdue - immediate payment required,linkedin.billing@gmail.com,"Dear customer, we detected unusual activity on your LinkedIn account. Your account will be suspended within 24 hours unless you verify your identity. Click here to verify your account: http://89.184.140.71/login",1
Final notice: payment failed for your Chase subscription,chase-support@chase-alerts.work,"Dear customer, we detected unusual activity on your Chase account. Your account will be suspended within 24 hours unless you verify your identity. Click here to verify your account: http://chase.account-update.tk/",1
Invoice overdue - immediate payment required,apple-support@apple-alerts.xyz,Final warning: your mailbox is full. Sign in to http://bit.ly/6jja6k and enter your password to re-activate your account. Failure to comply will result in permanent closure.,1
Final notice: payment failed for your DocuSign subscription,docusign-support@docusign-alerts.tk,"We could not deliver your parcel. Pay a small customs fee at http://bit.ly/e6jgji using your credit card. This offer expires today, respond immediately.",1
Invoice overdue - immediate payment required,docusign-support@docusign-alerts.click,Congratulations! You have won a prize. To claim your reward send your bank account and routing number or buy a gift card and reply with the code. Act now: http://bit.ly/i6eaj1,1
Action required: verify your Microsoft password,microsoft-support@microsoft-alerts.xyz,Attached is an overdue invoice. Please make a wire transfer to the account below as soon as possible. Legal action may follow. Confirm at http://microsoft-secure-login.icu/verify,1
Confirm your identity to avoid account closure,microsoft-support@microsoft-alerts.icu,Your payment failed. Update your billing information immediately to avoid losing access. Log in to http://microsoft-secure-login.icu/verify and confirm your password and credit card details.,1
Your order has shipped,maria.s@acme.com,"Hello Lena, your order #71048 has shipped and should arrive in three to five business days. You can track it from your account page. Thanks for shopping with us.",0
You have won a Apple gift card - claim now,apple.billing@gmail.com,Final warning: your mailbox is full. Sign in to http://194.177.117.158/login and enter your password to re-activate your account. Failure to comply will result in permanent closure.,1
Re: onboarding deck,priya.s@initech.com,"Hi Chen, thanks for joining the call. I have attached the notes for the onboarding deck. Let me know if I missed anything and we can discuss it on Monday.",0
Action required: verify your PayPal password,security@paypal.verify-126.tk,"We could not deliver your parcel. Pay a small customs fee at http://paypal.account-update.icu/ using your credit card. This offer expires today, respond immediately.",1
Action required: verify your PayPal password,paypal.billing@gmail.com,"We could not deliver your parcel. Pay a small customs fee at http://paypal-secure-login.top/verify using your credit card. This offer expires today, respond immediately.",1
Final notice: payment failed for your Microsoft subscription,microsoft.billing@gmail.com,Your payment failed. Update your billing information immediately to avoid losing access. Log in to http://bit.ly/2jjg36 and confirm your password and credit card details.,1
Receipt for your purchase,sam.s@initech.com,"Hello Lena, your order #62245 has shipped and should arrive in three to five business days. You can track it from your account page. Thanks for shopping with us.",0
Action required: verify your PayPal password,paypal-support@paypal-alerts.xyz,"We could not deliver your parcel. Pay a small customs fee at http://paypal.account-update.xyz/ using your credit card. This offer expires today, respond immediately.",1
Your Netflix package could not be delivered,netflix.billing@gmail.com,"Dear customer, we detected unusual activity on your Netflix account. Your account will be suspended within 24 hours unless you verify your identity. Click here to verify your account: http://123.64.48.63/login",1
Reminder: design handoff review on Friday,chen.m@example.org,"Hello Jordan, your order #27870 has shipped and should arrive in three to five business days. You can track it from your account page. Thanks for shopping with us.",0
Weekly team update,jordan.s@northwind.io,"Hi Priya, thanks for joining the call. I have attached the notes for the vendor review. Let me know if I missed anything and we can discuss it on Monday.",0
Receipt for your purchase,riya.r@contoso.com,"Hello Alex, your order #51662 has shipped and should arrive in three to five business days. You can track it from your account page. Thanks for shopping with us.",0
Action required: verify your Apple password,apple-support@apple-alerts.click,"Dear customer, we detected unusual activity on your Apple account. Your account will be suspended within 24 hours unless you verify your identity. Click here to verify your account: http://136.31.55.56/login",1
Weekly team update,maria.k@northwind.io,"Hi Omar, thanks for joining the call. I have attached the notes for the vendor review. Let me know if I missed anything and we can discuss it on Monday. Details: https://northwind.io/docs/255",0
Thanks for your help with the vendor review,alex.r@initech.com,"Hello Riya, your order #70879 has shipped and should arrive in three to five business days. You can track it from your account page. Thanks for shopping with us. Details: https://initech.com/docs/461",0
Invoice overdue - immediate payment required,amazon-support@amazon-alerts.click,Final warning: your mailbox is full. Sign in to http://104.174.219.103/login and enter your password to re-activate your account. Failure to comply will result in permanent closure.,1
Security alert: unusual sign-in to your LinkedIn account,linkedin.billing@gmail.com,Congratulations! You have won a prize. To claim your reward send your bank account and routing number or buy a gift card and reply with the code. Act now: http://linkedin.account-update.click/,1
Security alert: unusual sign-in to your Microsoft account,microsoft.billing@gmail.com,Final warning: your mailbox is full. Sign in to http://bit.ly/21i45h and enter your password to re-activate your account. Failure to comply will result in permanent closure.,1
Thanks for your help with the budget draft,maria.r@acme.com,"Team, here is the weekly update. The budget draft is on track, QA found two minor issues which are already fixed. Please review the document before our sync tomorrow.",0
Action required: verify your Microsoft password,microsoft.billing@gmail.com,"We could not deliver your parcel. Pay a small customs fee at http://microsoft-secure-login.top/verify using your credit card. This offer expires today, respond immediately.",1
Weekly team update,lena.s@example.org,"Hello Chen, your order #53648 has shipped and should arrive in three to five business days. You can track it from your account page. Thanks for shopping with us. Details: https://example.org/docs/43",0
Your order has shipped,maria.k@acme.com,"Hi Chen, thanks for joining the call. I have attached the notes for the sprint retro. Let me know if I missed anything and we can discuss it on Monday.",0
Action required: verify your FedEx password,fedex.billing@gmail.com,Congratulations! You have won a prize. To claim your reward send your bank account and routing number or buy a gift card and reply with the code. Act now: http://fedex-secure-login.top/verify,1
Confirm your identity to avoid account closure,amazon-support@amazon-alerts.xyz,Final warning: your mailbox is full. Sign in to http://bit.ly/af3241 and enter your password to re-activate your account. Failure to comply will result in permanent closure.,1
Final notice: payment failed for your FedEx subscription,fedex-support@fedex-alerts.tk,Final warning: your mailbox is full. Sign in to http://bit.ly/b35k5k and enter your password to re-activate your account. Failure to comply will result in permanent closure.,1
Re: vendor review,tom.r@northwind.io,"Thank you for your purchase. Your receipt is attached. If you have any questions about the invoice, reply to this email and our team will help.",0
Confirm your identity to avoid account closure,linkedin.billing@gmail.com,Congratulations! You have won a prize. To claim your reward send your bank account and routing number or buy a gift card and reply with the code. Act now: http://bit.ly/hb4h3c,1
Thanks for your help with the vendor review,alex.s@example.org,"Hello Alex, your order #55082 has shipped and should arrive in three to five business days. You can track it from your account page. Thanks for shopping with us.",0
Invoice overdue - immediate payment required,paypal-support@paypal-alerts.tk,Your payment failed. Update your billing information immediately to avoid losing access. Log in to http://paypal-secure-login.icu/verify and confirm your password and credit card details.,1
Receipt for your purchase,lena.k@northwind.io,"Hey Alex, are you free for lunch on Thursday? There is a new place near the office. Happy to move it if the design handoff review runs late.",0
Invoice overdue - immediate payment required,dropbox.billing@gmail.com,Final warning: your mailbox is full. Sign in to http://dropbox.account-update.click/ and enter your password to re-activate your account. Failure to comply will result in permanent closure.,1
Lunch on Thursday?,alex.m@northwind.io,"Hi Chen, I reviewed the vendor review and left a few comments in the shared document. Overall it looks good. Could you update the numbers before we send it out?",0
Reminder: vendor review review on Friday,alex.s@northwind.io,"Hey Sam, are you free for lunch on Thursday? There is a new place near the office. Happy to move it if the vendor review review runs late.",0
Lunch on Thursday?,jordan.s@contoso.com,"Hi Jordan, I reviewed the budget draft and left a few comments in the shared document. Overall it looks good. Could you update the numbers before we send it out?",0
design handoff - notes from today's meeting,lena.m@example.org,"Hi Omar, thanks for joining the call. I have attached the notes for the design handoff. Let me know if I missed anything and we can discuss it on Monday.",0
Lunch on Thursday?,tom.k@initech.com,"Hey Riya, are you free for lunch on Thursday? There is a new place near the office. Happy to move it if the Q3 roadmap review runs late.",0
Your Amazon package could not be delivered,security@amazon.verify-169.tk,Attached is an overdue invoice. Please make a wire transfer to the account below as soon as possible. Legal action may follow. Confirm at http://amazon.account-update.work/,1
Reminder: sprint retro review on Friday,maria.s@acme.com,"Hey Priya, are you free for lunch on Thursday? There is a new place near the office. Happy to move it if the sprint retro review runs late.",0
Confirm your identity to avoid account closure,docusign.billing@gmail.com,Attached is an overdue invoice. Please make a wire transfer to the account below as soon as possible. Legal action may follow. Confirm at http://90.226.207.223/login,1
Confirm your identity to avoid account closure,microsoft.billing@gmail.com,Congratulations! You have won a prize. To claim your reward send your bank account and routing number or buy a gift card and reply with the code. Act now: http://microsoft-secure-login.tk/verify,1
Action required: verify your Netflix password,security@netflix.verify-893.icu,Final warning: your mailbox is full. Sign in to http://netflix.account-update.click/ and enter your password to re-activate your account. Failure to comply will result in permanent closure.,1
Invoice overdue - immediate payment required,microsoft-support@microsoft-alerts.xyz,Congratulations! You have won a prize. To claim your reward send your bank account and routing number or buy a gift card and reply with the code. Act now: http://microsoft.account-update.top/,1
Action required: verify your LinkedIn password,linkedin-support@linkedin-alerts.tk,"Dear customer, we detected unusual activity on your LinkedIn account. Your account will be suspended within 24 hours unless you verify your identity. Click here to verify your account: http://linkedin.account-update.tk/",1
Reminder: onboarding deck review on Friday,maria.k@example.org,"Hello Chen, your order #33293 has shipped and should arrive in three to five business days. You can track it from your account page. Thanks for shopping with us.",0
Lunch on Thursday?,omar.m@contoso.com,"Hello Maria, your order #81307 has shipped and should arrive in three to five business days. You can track it from your account page. Thanks for shopping with us. Details: https://contoso.com/docs/358",0
Re: release checklist,jordan.s@contoso.com,"Team, here is the weekly update. The release checklist is on track, QA found two minor issues which are already fixed. Please review the document before our sync tomorrow.",0
budget draft - notes from today's meeting,jordan.s@acme.com,"Hi Tom, thanks for joining the call. I have attached the notes for the budget draft. Let me know if I missed anything and we can discuss it on Monday.",0
Receipt for your purchase,chen.k@contoso.com,"Thank you for your purchase. Your receipt is attached. If you have any questions about the invoice, reply to this email and our team will help.",0
Lunch on Thursday?,sam.r@initech.com,"Team, here is the weekly update. The Q3 roadmap is on track, QA found two minor issues which are already fixed. Please review the document before our sync tomorrow.",0
Reminder: release checklist review on Friday,tom.k@acme.com,"Hi Riya, I reviewed the release checklist and left a few comments in the shared document. Overall it looks good. Could you update the numbers before we send it out? Details: https://acme.com/docs/413",0
Weekly team update,omar.s@contoso.com,"Hi Jordan, thanks for joining the call. I have attached the notes for the Q3 roadmap. Let me know if I missed anything and we can discuss it on Monday.",0
Action required: verify your PayPal password,security@paypal.verify-205.click,"We could not deliver your parcel. Pay a small customs fee at http://bit.ly/dabed5 using your credit card. This offer expires today, respond immediately.",1
Invoice overdue - immediate payment required,security@amazon.verify-886.icu,"Dear customer, we detected unusual activity on your Amazon account. Your account will be suspended within 24 hours unless you verify your identity. Click here to verify your account: http://amazon-secure-login.top/verify",1
Your PayPal package could not be delivered,paypal-support@paypal-alerts.icu,Congratulations! You have won a prize. To claim your reward send your bank account and routing number or buy a gift card and reply with the code. Act now: http://paypal-secure-login.top/verify,1
Your order has shipped,tom.s@initech.com,"Hi Chen, I reviewed the budget draft and left a few comments in the shared document. Overall it looks good. Could you update the numbers before we send it out? Details: https://initech.com/docs/474",0
Lunch on Thursday?,riya.s@example.org,"Team, here is the weekly update. The sprint retro is on track, QA found two minor issues which are already fixed. Please review the document before our sync tomorrow.",0
Re: design handoff,jordan.m@example.org,"Hi Chen, I reviewed the design handoff and left a few comments in the shared document. Overall it looks good. Could you update the numbers before we send it out?",0
Your order has shipped,omar.s@acme.com,"Team, here is the weekly update. The design handoff is on track, QA found two minor issues which are already fixed. Please review the document before our sync tomorrow.",0
Security alert: unusual sign-in to your Netflix account,security@netflix.verify-412.icu,Your payment failed. Update your billing information immediately to avoid losing access. Log in to http://148.49.153.58/login and confirm your password and credit card details.,1
Security alert: unusual sign-in to your DocuSign account,docusign-support@docusign-alerts.work,"Dear customer, we detected unusual activity on your DocuSign account. Your account will be suspended within 24 hours unless you verify your identity. Click here to verify your account: http://14.20.108.235/login",1
Lunch on Thursday?,tom.s@initech.com,"Hello Omar, your order #47045 has shipped and should arrive in three to five business days. You can track it from your account page. Thanks for shopping with us.",0
Invoice overdue - immediate payment required,chase-support@chase-alerts.click,Final warning: your mailbox is full. Sign in to http://chase.account-update.top/ and enter your password to re-activate your account. Failure to comply will result in permanent closure.,1
Your order has shipped,sam.m@acme.com,"Hi Lena, thanks for joining the call. I have attached the notes for the Q3 roadmap. Let me know if I missed anything and we can discuss it on Monday. Details: https://acme.com/docs/117",0
Confirm your identity to avoid account closure,amazon.billing@gmail.com,Your payment failed. Update your billing information immediately to avoid losing access. Log in to http://bit.ly/b5e111 and confirm your password and credit card details.,1
Weekly team update,riya.r@initech.com,"Hi Jordan, thanks for joining the call. I have attached the notes for the budget draft. Let me know if I missed anything and we can discuss it on Monday.",0
Final notice: payment failed for your Dropbox subscription,security@dropbox.verify-499.work,Congratulations! You have won a prize. To claim your reward send your bank account and routing number or buy a gift card and reply with the code. Act now: http://dropbox.account-update.icu/,1
Your Microsoft package could not be delivered,microsoft-support@microsoft-alerts.xyz,Final warning: your mailbox is full. Sign in to http://bit.ly/432feg and enter your password to re-activate your account. Failure to comply will result in permanent closure.,1
onboarding deck - notes from today's meeting,tom.k@initech.com,"Hey Chen, are you free for lunch on Thursday? There is a new place near the office. Happy to move it if the onboarding deck review runs late. Details: https://initech.com/docs/216",0
Your LinkedIn package could not be delivered,security@linkedin.verify-760.work,Your payment failed. Update your billing information immediately to avoid losing access. Log in to http://bit.ly/ah6i2f and confirm your password and credit card details.,1
Action required: verify your FedEx password,security@fedex.verify-101.xyz,Your payment failed. Update your billing information immediately to avoid losing access. Log in to http://bit.ly/4h2i4c and confirm your password and credit card details.,1
Urgent: your Netflix account has been suspended,netflix-support@netflix-alerts.top,Your payment failed. Update your billing information immediately to avoid losing access. Log in to http://bit.ly/4j6kec and confirm your password and credit card details.,1
Urgent: your FedEx account has been suspended,fedex-support@fedex-alerts.tk,Attached is an overdue invoice. Please make a wire transfer to the account below as soon as possible. Legal action may follow. Confirm at http://39.168.229.76/login,1
Urgent: your Chase account has been suspended,chase.billing@gmail.com,Congratulations! You have won a prize. To claim your reward send your bank account and routing number or buy a gift card and reply with the code. Act now: http://chase.account-update.icu/,1
Confirm your identity to avoid account closure,netflix-support@netflix-alerts.click,Congratulations! You have won a prize. To claim your reward send your bank account and routing number or buy a gift card and reply with the code. Act now: http://215.95.25.40/login,1
release checklist - notes from today's meeting,riya.r@initech.com,"Hello Omar, your order #77659 has shipped and should arrive in three to five business days. You can track it from your account page. Thanks for shopping with us. Details: https://initech.com/docs/436",0
Reminder: release checklist review on Friday,chen.k@example.org,"Hello Omar, your order #81957 has shipped and should arrive in three to five business days. You can track it from your account page. Thanks for shopping with us.",0
Re: Q3 roadmap,lena.m@contoso.com,"Hey Riya, are you free for lunch on Thursday? There is a new place near the office. Happy to move it if the Q3 roadmap review runs late.",0
You have won a Microsoft gift card - claim now,security@microsoft.verify-882.top,"We could not deliver your parcel. Pay a small customs fee at http://microsoft.account-update.xyz/ using your credit card. This offer expires today, respond immediately.",1
Receipt for your purchase,tom.k@initech.com,"Team, here is the weekly update. The budget draft is on track, QA found two minor issues which are already fixed. Please review the document before our sync tomorrow.",0
Lunch on Thursday?,omar.m@example.org,"Hi Lena, thanks for joining the call. I have attached the notes for the vendor review. Let me know if I missed anything and we can discuss it on Monday.",0
Your order has shipped,maria.s@contoso.com,"Thank you for your purchase. Your receipt is attached. If you have any questions about the invoice, reply to this email and our team will help.",0
design handoff - notes from today's meeting,riya.k@example.org,"Hey Alex, are you free for lunch on Thursday? There is a new place near the office. Happy to move it if the design handoff review runs late.",0
release checklist - notes from today's meeting,chen.r@initech.com,"Hello Sam, your order #34530 has shipped and should arrive in three to five business days. You can track it from your account page. Thanks for shopping with us.",0
Confirm your identity to avoid account closure,security@docusign.verify-481.xyz,"We could not deliver your parcel. Pay a small customs fee at http://bit.ly/fffg5d using your credit card. This offer expires today, respond immediately.",1
Weekly team update,sam.m@acme.com,"Hey Alex, are you free for lunch on Thursday? There is a new place near the office. Happy to move it if the release checklist review runs late.",0
Action required: verify your Amazon password,security@amazon.verify-678.xyz,Final warning: your mailbox is full. Sign in to http://23.32.150.162/login and enter your password to re-activate your account. Failure to comply will result in permanent closure.,1
Action required: verify your FedEx password,fedex.billing@gmail.com,Congratulations! You have won a prize. To claim your reward send your bank account and routing number or buy a gift card and reply with the code. Act now: http://fedex.account-update.click/,1
Invoice overdue - immediate payment required,apple.billing@gmail.com,Congratulations! You have won a prize. To claim your reward send your bank account and routing number or buy a gift card and reply with the code. Act now: http://15.215.216.185/login,1
Receipt for your purchase,chen.m@initech.com,"Hi Riya, thanks for joining the call. I have attached the notes for the onboarding deck. Let me know if I missed anything and we can discuss it on Monday.",0
Security alert: unusual sign-in to your Microsoft account,microsoft.billing@gmail.com,Final warning: your mailbox is full. Sign in to http://microsoft.account-update.click/ and enter your password to re-activate your account. Failure to comply will result in permanent closure.,1
Receipt for your purchase,jordan.m@acme.com,"Thank you for your purchase. Your receipt is attached. If you have any questions about the invoice, reply to this email and our team will help.",0
Final notice: payment failed for your Chase subscription,security@chase.verify-425.icu,Congratulations! You have won a prize. To claim your reward send your bank account and routing number or buy a gift card and reply with the code. Act now: http://87.128.202.222/login,1
Invoice overdue - immediate payment required,chase-support@chase-alerts.icu,"We could not deliver your parcel. Pay a small customs fee at http://bit.ly/bfak3k using your credit card. This offer expires today, respond immediately.",1
Thanks for your help with the design handoff,chen.m@initech.com,"Hey Omar, are you free for lunch on Thursday? There is a new place near the office. Happy to move it if the design handoff review runs late.",0
Final notice: payment failed for your Dropbox subscription,dropbox-support@dropbox-alerts.work,Your payment failed. Update your billing information immediately to avoid losing access. Log in to http://178.142.249.92/login and confirm your password and credit card details.,1
Your Microsoft package could not be delivered,security@microsoft.verify-715.top,Final warning: your mailbox is full. Sign in to http://microsoft.account-update.icu/ and enter your password to re-activate your account. Failure to comply will result in permanent closure.,1
Invoice overdue - immediate payment required,security@microsoft.verify-832.tk,Attached is an overdue invoice. Please make a wire transfer to the account below as soon as possible. Legal action may follow. Confirm at http://97.19.137.179/login,1
Receipt for your purchase,riya.k@contoso.com,"Hello Jordan, your order #69433 has shipped and should arrive in three to five business days. You can track it from your account page. Thanks for shopping with us. Details: https://contoso.com/docs/493",0
Your order has shipped,chen.s@northwind.io,"Team, here is the weekly update. The vendor review is on track, QA found two minor issues which are already fixed. Please review the document before our sync tomorrow.",0
Thanks for your help with the release checklist,lena.r@initech.com,"Hi Maria, thanks for joining the call. I have attached the notes for the release checklist. Let me know if I missed anything and we can discuss it on Monday.",0
Re: release checklist,jordan.m@acme.com,"Hello Alex, your order #34682 has shipped and should arrive in three to five business days. You can track it from your account page. Thanks for shopping with us.",0
Thanks for your help with the budget draft,sam.r@initech.com,"Thank you for your purchase. Your receipt is attached. If you have any questions about the invoice, reply to this email and our team will help. Details: https://initech.com/docs/55",0
Your order has shipped,maria.k@example.org,"Hello Maria, your order #67171 has shipped and should arrive in three to five business days. You can track it from your account page. Thanks for shopping with us.",0
You have won a DocuSign gift card - claim now,docusign-support@docusign-alerts.xyz,Congratulations! You have won a prize. To claim your reward send your bank account and routing number or buy a gift card and reply with the code. Act now: http://75.215.199.7/login,1
Reminder: vendor review review on Friday,riya.r@contoso.com,"Hello Chen, your order #24055 has shipped and should arrive in three to five business days. You can track it from your account page. Thanks for shopping with us.",0
Receipt for your purchase,maria.s@acme.com,"Hi Priya, thanks for joining the call. I have attached the notes for the release checklist. Let me know if I missed anything and we can discuss it on Monday.",0
Receipt for your purchase,tom.m@contoso.com,"Hello Sam, your order #52692 has shipped and should arrive in three to five business days. You can track it from your account page. Thanks for shopping with us.",0
Invoice overdue - immediate payment required,docusign.billing@gmail.com,Congratulations! You have won a prize. To claim your reward send your bank account and routing number or buy a gift card and reply with the code. Act now: http://docusign.account-update.work/,1
Urgent: your Apple account has been suspended,apple-support@apple-alerts.icu,Your payment failed. Update your billing information immediately to avoid losing access. Log in to http://bit.ly/42a3hh and confirm your password and credit card details.,1
Your DocuSign package could not be delivered,docusign.billing@gmail.com,Attached is an overdue invoice. Please make a wire transfer to the account below as soon as possible. Legal action may follow. Confirm at http://186.158.53.140/login,1
Lunch on Thursday?,jordan.k@acme.com,"Thank you for your purchase. Your receipt is attached. If you have any questions about the invoice, reply to this email and our team will help.",0
Action required: verify your LinkedIn password,security@linkedin.verify-904.top,Your payment failed. Update your billing information immediately to avoid losing access. Log in to http://linkedin.account-update.top/ and confirm your password and credit card details.,1
Action required: verify your PayPal password,security@paypal.verify-766.tk,Attached is an overdue invoice. Please make a wire transfer to the account below as soon as possible. Legal action may follow. Confirm at http://159.141.237.1/login,1
Your DocuSign package could not be delivered,security@docusign.verify-831.top,"Dear customer, we detected unusual activity on your DocuSign account. Your account will be suspended within 24 hours unless you verify your identity. Click here to verify your account: http://docusign-secure-login.top/verify",1
Reminder: vendor review review on Friday,omar.r@acme.com,"Hello Omar, your order #82854 has shipped and should arrive in three to five business days. You can track it from your account page. Thanks for shopping with us. Details: https://acme.com/docs/123",0
sprint retro - notes from today's meeting,lena.s@example.org,"Team, here is the weekly update. The sprint retro is on track, QA found two minor issues which are already fixed. Please review the document before our sync tomorrow.",0
Weekly team update,lena.r@contoso.com,"Team, here is the weekly update. The Q3 roadmap is on track, QA found two minor issues which are already fixed. Please review the document before our sync tomorrow.",0
Thanks for your help with the sprint retro,maria.s@northwind.io,"Hi Tom, thanks for joining the call. I have attached the notes for the sprint retro. Let me know if I missed anything and we can discuss it on Monday. Details: https://northwind.io/docs/242",0
Final notice: payment failed for your Apple subscription,apple.billing@gmail.com,Final warning: your mailbox is full. Sign in to http://101.235.203.186/login and enter your password to re-activate your account. Failure to comply will result in permanent closure.,1
Action required: verify your FedEx password,fedex.billing@gmail.com,Congratulations! You have won a prize. To claim your reward send your bank account and routing number or buy a gift card and reply with the code. Act now: http://bit.ly/jkj6j4,1
Weekly team update,tom.s@contoso.com,"Team, here is the weekly update. The budget draft is on track, QA found two minor issues which are already fixed. Please review the document before our sync tomorrow. Details: https://contoso.com/docs/458",0
Action required: verify your PayPal password,security@paypal.verify-348.icu,Your payment failed. Update your billing information immediately to avoid losing access. Log in to http://23.51.64.53/login and confirm your password and credit card details.,1
Security alert: unusual sign-in to your DocuSign account,security@docusign.verify-153.icu,Attached is an overdue invoice. Please make a wire transfer to the account below as soon as possible. Legal action may follow. Confirm at http://docusign-secure-login.work/verify,1
You have won a LinkedIn gift card - claim now,linkedin-support@linkedin-alerts.xyz,"We could not deliver your parcel. Pay a small customs fee at http://bit.ly/6316je using your credit card. This offer expires today, respond immediately.",1
You have won a Amazon gift card - claim now,amazon-support@amazon-alerts.icu,"Dear customer, we detected unusual activity on your Amazon account. Your account will be suspended within 24 hours unless you verify your identity. Click here to verify your account: http://bit.ly/deifad",1
Security alert: unusual sign-in to your PayPal account,security@paypal.verify-940.xyz,Congratulations! You have won a prize. To claim your reward send your bank account and routing number or buy a gift card and reply with the code. Act now: http://bit.ly/fifhfe,1
Lunch on Thursday?,lena.r@initech.com,"Hi Sam, thanks for joining the call. I have attached the notes for the onboarding deck. Let me know if I missed anything and we can discuss it on Monday.",0
Thanks for your help with the onboarding deck,chen.m@acme.com,"Thank you for your purchase. Your receipt is attached. If you have any questions about the invoice, reply to this email and our team will help.",0
Re: sprint retro,lena.m@initech.com,"Hi Jordan, I reviewed the sprint retro and left a few comments in the shared document. Overall it looks good. Could you update the numbers before we send it out?",0
Receipt for your purchase,maria.m@example.org,"Team, here is the weekly update. The vendor review is on track, QA found two minor issues which are already fixed. Please review the document before our sync tomorrow.",0
Receipt for your purchase,riya.m@initech.com,"Hi Sam, thanks for joining the call. I have attached the notes for the vendor review. Let me know if I missed anything and we can discuss it on Monday.",0
Security alert: unusual sign-in to your Netflix account,netflix.billing@gmail.com,"We could not deliver your parcel. Pay a small customs fee at http://bit.ly/jibai2 using your credit card. This offer expires today, respond immediately.",1
Reminder: release checklist review on Friday,priya.k@example.org,"Hey Alex, are you free for lunch on Thursday? There is a new place near the office. Happy to move it if the release checklist review runs late.",0
Security alert: unusual sign-in to your Microsoft account,security@microsoft.verify-272.work,Your payment failed. Update your billing information immediately to avoid losing access. Log in to http://microsoft.account-update.xyz/ and confirm your password and credit card details.,1
Receipt for your purchase,jordan.m@contoso.com,"Hi Omar, thanks for joining the call. I have attached the notes for the design handoff. Let me know if I missed anything and we can discuss it on Monday.",0
Reminder: Q3 roadmap review on Friday,riya.s@example.org,"Thank you for your purchase. Your receipt is attached. If you have any questions about the invoice, reply to this email and our team will help.",0
Lunch on Thursday?,jordan.k@initech.com,"Hi Sam, I reviewed the release checklist and left a few comments in the shared document. Overall it looks good. Could you update the numbers before we send it out?",0
Receipt for your purchase,jordan.m@northwind.io,"Hi Priya, thanks for joining the call. I have attached the notes for the design handoff. Let me know if I missed anything and we can discuss it on Monday.",0
Action required: verify your Amazon password,security@amazon.verify-256.xyz,Congratulations! You have won a prize. To claim your reward send your bank account and routing number or buy a gift card and reply with the code. Act now: http://150.186.111.222/login,1
Reminder: vendor review review on Friday,chen.r@northwind.io,"Hi Riya, I reviewed the vendor review and left a few comments in the shared document. Overall it looks good. Could you update the numbers before we send it out?",0
Invoice overdue - immediate payment required,microsoft.billing@gmail.com,Your payment failed. Update your billing information immediately to avoid losing access. Log in to http://microsoft-secure-login.xyz/verify and confirm your password and credit card details.,1
Reminder: design handoff review on Friday,riya.m@acme.com,"Team, here is the weekly update. The design handoff is on track, QA found two minor issues which are already fixed. Please review the document before our sync tomorrow.",0
Confirm your identity to avoid account closure,netflix.billing@gmail.com,"We could not deliver your parcel. Pay a small customs fee at http://142.116.136.216/login using your credit card. This offer expires today, respond immediately.",1
Urgent: your DocuSign account has been suspended,docusign-support@docusign-alerts.top,Your payment failed. Update your billing information immediately to avoid losing access. Log in to http://96.246.39.93/login and confirm your password and credit card details.,1
sprint retro - notes from today's meeting,maria.k@contoso.com,"Hi Chen, I reviewed the sprint retro and left a few comments in the shared document. Overall it looks good. Could you update the numbers before we send it out? Details: https://contoso.com/docs/133",0
Receipt for your purchase,lena.m@northwind.io,"Thank you for your purchase. Your receipt is attached. If you have any questions about the invoice, reply to this email and our team will help.",0
Your order has shipped,omar.r@contoso.com,"Hi Tom, I reviewed the Q3 roadmap and left a few comments in the shared document. Overall it looks good. Could you update the numbers before we send it out?",0
Confirm your identity to avoid account closure,dropbox.billing@gmail.com,"We could not deliver your parcel. Pay a small customs fee at http://dropbox-secure-login.click/verify using your credit card. This offer expires today, respond immediately.",1
Weekly team update,priya.k@contoso.com,"Hi Sam, I reviewed the sprint retro and left a few comments in the shared document. Overall it looks good. Could you update the numbers before we send it out?",0
Final notice: payment failed for your FedEx subscription,security@fedex.verify-468.xyz,Your payment failed. Update your billing information immediately to avoid losing access. Log in to http://bit.ly/aef124 and confirm your password and credit card details.,1
Invoice overdue - immediate payment required,paypal-support@paypal-alerts.click,Final warning: your mailbox is full. Sign in to http://paypal-secure-login.top/verify and enter your password to re-activate your account. Failure to comply will result in permanent closure.,1
Final notice: payment failed for your Amazon subscription,security@amazon.verify-518.click,Congratulations! You have won a prize. To claim your reward send your bank account and routing number or buy a gift card and reply with the code. Act now: http://bit.ly/eh5dhk,1
Confirm your identity to avoid account closure,netflix.billing@gmail.com,Final warning: your mailbox is full. Sign in to http://netflix-secure-login.tk/verify and enter your password to re-activate your account. Failure to comply will result in permanent closure.,1
onboarding deck - notes from today's meeting,chen.m@northwind.io,"Team, here is the weekly update. The onboarding deck is on track, QA found two minor issues which are already fixed. Please review the document before our sync tomorrow.",0
Lunch on Thursday?,lena.s@example.org,"Hi Riya, I reviewed the design handoff and left a few comments in the shared document. Overall it looks good. Could you update the numbers before we send it out? Details: https://example.org/docs/487",0
Weekly team update,sam.r@example.org,"Hi Riya, thanks for joining the call. I have attached the notes for the release checklist. Let me know if I missed anything and we can discuss it on Monday.",0
You have won a FedEx gift card - claim now,fedex.billing@gmail.com,"We could not deliver your parcel. Pay a small customs fee at http://32.79.67.174/login using your credit card. This offer expires today, respond immediately.",1
Lunch on Thursday?,lena.s@contoso.com,"Hello Lena, your order #71631 has shipped and should arrive in three to five business days. You can track it from your account page. Thanks for shopping with us.",0
Lunch on Thursday?,priya.r@initech.com,"Team, here is the weekly update. The design handoff is on track, QA found two minor issues which are already fixed. Please review the document before our sync tomorrow.",0
Security alert: unusual sign-in to your FedEx account,fedex-support@fedex-alerts.icu,Congratulations! You have won a prize. To claim your reward send your bank account and routing number or buy a gift card and reply with the code. Act now: http://fedex.account-update.tk/,1
Weekly team update,sam.k@initech.com,"Hello Chen, your order #74694 has shipped and should arrive in three to five business days. You can track it from your account page. Thanks for shopping with us. Details: https://initech.com/docs/287",0
Security alert: unusual sign-in to your FedEx account,security@fedex.verify-746.work,"Dear customer, we detected unusual activity on your FedEx account. Your account will be suspended within 24 hours unless you verify your identity. Click here to verify your account: http://fedex-secure-login.icu/verify",1
Lunch on Thursday?,chen.k@contoso.com,"Hi Alex, thanks for joining the call. I have attached the notes for the vendor review. Let me know if I missed anything and we can discuss it on Monday.",0
Confirm your identity to avoid account closure,chase-support@chase-alerts.top,"Dear customer, we detected unusual activity on your Chase account. Your account will be suspended within 24 hours unless you verify your identity. Click here to verify your account: http://chase.account-update.work/",1
Receipt for your purchase,priya.k@acme.com,"Hi Tom, thanks for joining the call. I have attached the notes for the vendor review. Let me know if I missed anything and we can discuss it on Monday.",0
Lunch on Thursday?,omar.r@contoso.com,"Thank you for your purchase. Your receipt is attached. If you have any questions about the invoice, reply to this email and our team will help.",0
budget draft - notes from today's meeting,jordan.k@contoso.com,"Team, here is the weekly update. The budget draft is on track, QA found two minor issues which are already fixed. Please review the document before our sync tomorrow.",0
Urgent: your LinkedIn account has been suspended,linkedin-support@linkedin-alerts.top,"Dear customer, we detected unusual activity on your LinkedIn account. Your account will be suspended within 24 hours unless you verify your identity. Click here to verify your account: http://bit.ly/ebhkkc",1
Your order has shipped,riya.k@northwind.io,"Hi Jordan, I reviewed the sprint retro and left a few comments in the shared document. Overall it looks good. Could you update the numbers before we send it out? Details: https://northwind.io/docs/478",0
Your LinkedIn package could not be delivered,linkedin-support@linkedin-alerts.top,"We could not deliver your parcel. Pay a small customs fee at http://linkedin-secure-login.click/verify using your credit card. This offer expires today, respond immediately.",1
Weekly team update,lena.s@acme.com,"Thank you for your purchase. Your receipt is attached. If you have any questions about the invoice, reply to this email and our team will help.",0
Weekly team update,maria.m@contoso.com,"Thank you for your purchase. Your receipt is attached. If you have any questions about the invoice, reply to this email and our team will help.",0
Thanks for your help with the sprint retro,riya.k@contoso.com,"Hello Maria, your order #28921 has shipped and should arrive in three to five business days. You can track it from your account page. Thanks for shopping with us.",0
Lunch on Thursday?,omar.m@contoso.com,"Hey Chen, are you free for lunch on Thursday? There is a new place near the office. Happy to move it if the budget draft review runs late.",0
Weekly team update,alex.r@example.org,"Team, here is the weekly update. The release checklist is on track, QA found two minor issues which are already fixed. Please review the document before our sync tomorrow.",0
release checklist - notes from today's meeting,lena.m@acme.com,"Hi Chen, thanks for joining the call. I have attached the notes for the release checklist. Let me know if I missed anything and we can discuss it on Monday.",0
Confirm your identity to avoid account closure,security@chase.verify-421.tk,"We could not deliver your parcel. Pay a small customs fee at http://181.54.123.191/login using your credit card. This offer expires today, respond immediately.",1
Urgent: your Netflix account has been suspended,security@netflix.verify-980.work,"Dear customer, we detected unusual activity on your Netflix account. Your account will be suspended within 24 hours unless you verify your identity. Click here to verify your account: http://netflix.account-update.icu/",1
You have won a Amazon gift card - claim now,amazon.billing@gmail.com,Attached is an overdue invoice. Please make a wire transfer to the account below as soon as possible. Legal action may follow. Confirm at http://123.219.207.85/login,1
Reminder: Q3 roadmap review on Friday,chen.r@northwind.io,"Hi Alex, thanks for joining the call. I have attached the notes for the Q3 roadmap. Let me know if I missed anything and we can discuss it on Monday.",0
Action required: verify your FedEx password,security@fedex.verify-435.top,Your payment failed. Update your billing information immediately to avoid losing access. Log in to http://79.78.194.181/login and confirm your password and credit card details.,1
Security alert: unusual sign-in to your Microsoft account,microsoft-support@microsoft-alerts.top,Your payment failed. Update your billing information immediately to avoid losing access. Log in to http://microsoft.account-update.icu/ and confirm your password and credit card details.,1
Action required: verify your Dropbox password,security@dropbox.verify-640.click,Attached is an overdue invoice. Please make a wire transfer to the account below as soon as possible. Legal action may follow. Confirm at http://dropbox.account-update.tk/,1
Confirm your identity to avoid account closure,security@dropbox.verify-403.work,Final warning: your mailbox is full. Sign in to http://dropbox.account-update.tk/ and enter your password to re-activate your account. Failure to comply will result in permanent closure.,1
Weekly team update,omar.k@contoso.com,"Hi Jordan, thanks for joining the call. I have attached the notes for the release checklist. Let me know if I missed anything and we can discuss it on Monday.",0
Your FedEx package could not be delivered,fedex-support@fedex-alerts.xyz,Congratulations! You have won a prize. To claim your reward send your bank account and routing number or buy a gift card and reply with the code. Act now: http://bit.ly/jdk3j1,1
Security alert: unusual sign-in to your DocuSign account,docusign-support@docusign-alerts.work,Your payment failed. Update your billing information immediately to avoid losing access. Log in to http://docusign.account-update.work/ and confirm your password and credit card details.,1
Urgent: your Microsoft account has been suspended,microsoft-support@microsoft-alerts.icu,Final warning: your mailbox is full. Sign in to http://microsoft-secure-login.click/verify and enter your password to re-activate your account. Failure to comply will result in permanent closure.,1
Re: design handoff,jordan.m@initech.com,"Hey Tom, are you free for lunch on Thursday? There is a new place near the office. Happy to move it if the design handoff review runs late.",0
Weekly team update,riya.k@initech.com,"Hello Jordan, your order #37806 has shipped and should arrive in three to five business days. You can track it from your account page. Thanks for shopping with us. Details: https://initech.com/docs/145",0
Final notice: payment failed for your Netflix subscription,netflix-support@netflix-alerts.xyz,"We could not deliver your parcel. Pay a small customs fee at http://bit.ly/f3f6cc using your credit card. This offer expires today, respond immediately.",1
Your order has shipped,sam.k@northwind.io,"Hi Jordan, thanks for joining the call. I have attached the notes for the onboarding deck. Let me know if I missed anything and we can discuss it on Monday.",0
Final notice: payment failed for your Dropbox subscription,dropbox-support@dropbox-alerts.top,"We could not deliver your parcel. Pay a small customs fee at http://dropbox.account-update.xyz/ using your credit card. This offer expires today, respond immediately.",1
sprint retro - notes from today's meeting,maria.s@initech.com,"Hi Sam, I reviewed the sprint retro and left a few comments in the shared document. Overall it looks good. Could you update the numbers before we send it out?",0
Your order has shipped,maria.k@contoso.com,"Hi Riya, I reviewed the onboarding deck and left a few comments in the shared document. Overall it looks good. Could you update the numbers before we send it out? Details: https://contoso.com/docs/156",0
Lunch on Thursday?,riya.m@acme.com,"Team, here is the weekly update. The sprint retro is on track, QA found two minor issues which are already fixed. Please review the document before our sync tomorrow.",0
Lunch on Thursday?,alex.s@northwind.io,"Thank you for your purchase. Your receipt is attached. If you have any questions about the invoice, reply to this email and our team will help.",0
Confirm your identity to avoid account closure,chase-support@chase-alerts.xyz,Congratulations! You have won a prize. To claim your reward send your bank account and routing number or buy a gift card and reply with the code. Act now: http://chase.account-update.icu/,1
Security alert: unusual sign-in to your FedEx account,security@fedex.verify-965.tk,"Dear customer, we detected unusual activity on your FedEx account. Your account will be suspended within 24 hours unless you verify your identity. Click here to verify your account: http://fedex-secure-login.top/verify",1
Weekly team update,chen.r@acme.com,"Hi Maria, I reviewed the vendor review and left a few comments in the shared document. Overall it looks good. Could you update the numbers before we send it out?",0
Thanks for your help with the design handoff,chen.m@example.org,"Hi Alex, thanks for joining the call. I have attached the notes for the design handoff. Let me know if I missed anything and we can discuss it on Monday.",0
Action required: verify your FedEx password,fedex-support@fedex-alerts.tk,Congratulations! You have won a prize. To claim your reward send your bank account and routing number or buy a gift card and reply with the code. Act now: http://fedex-secure-login.click/verify,1
Thanks for your help with the onboarding deck,priya.s@acme.com,"Hey Priya, are you free for lunch on Thursday? There is a new place near the office. Happy to move it if the onboarding deck review runs late.",0
Reminder: vendor review review on Friday,chen.m@initech.com,"Hey Jordan, are you free for lunch on Thursday? There is a new place near the office. Happy to move it if the vendor review review runs late.",0
Receipt for your purchase,jordan.m@contoso.com,"Hello Riya, your order #57143 has shipped and should arrive in three to five business days. You can track it from your account page. Thanks for shopping with us.",0
